CTUID,PROV,Employed 
10000,10,101000
10002,10,2145
10003.01,10,2100
10003.02,10,2370
10004,10,3495
10005.01,10,1190
10005.02,10,1575
10006,10,1505
10008,10,800
10009,10,330
10010,10,870
10011,10,1200
10012,10,1270
10013,10,825
10014,10,1535
10015.01,10,1780
10015.02,10,1895
10015.03,10,2340
10015.04,10,2925
10016.01,10,2530
10016.02,10,2595
10017,10,1875
10100.01,10,2985
10100.04,10,2065
10170.01,10,1470
10170.02,10,2200
10171,10,2180
10172.02,10,3675
10172.03,10,1130
10172.04,10,2160
10172.05,10,3140
10172.06,10,1210
10200.01,10,2515
10200.02,10,4675
10200.03,10,1935
10201,10,1340
10202.01,10,1000
10202.02,10,1715
10202.04,10,4775
10202.05,10,5495
10300,10,4175
10301.01,10,3355
10301.02,10,2990
10302,10,2090
2050000,12,208360
2050001,12,1820
2050002,12,2665
2050003,12,1370
2050004.02,12,2415
2050005,12,900
2050006,12,1675
2050007,12,785
2050009,12,1315
2050010,12,2530
2050011,12,3520
2050012,12,1320
2050013,12,1560
2050014,12,2035
2050015,12,2440
2050016,12,1885
2050017,12,1310
2050018,12,1840
2050019,12,2995
2050020,12,1325
2050021,12,1660
2050022,12,3170
2050023,12,1775
2050024,12,3530
2050025.01,12,2095
2050025.02,12,2705
2050025.03,12,3920
2050026.02,12,2035
2050026.03,12,1865
2050026.04,12,2095
2050026.05,12,1995
2050027,12,3545
2050100,12,1565
2050101,12,1745
2050102,12,2490
2050103,12,2175
2050104.01,12,1130
2050104.02,12,3800
2050105.01,12,1505
2050105.02,12,2550
2050106.01,12,1775
2050106.02,12,3120
2050107,12,1570
2050108,12,2120
2050109,12,1665
2050110,12,660
2050111,12,1975
2050112,12,1085
2050113,12,590
2050114,12,3655
2050120,12,1055
2050121.02,12,1835
2050121.03,12,1045
2050121.05,12,2385
2050121.06,12,3200
2050121.07,12,2695
2050121.08,12,2005
2050122.01,12,1760
2050122.03,12,1965
2050122.04,12,2425
2050122.05,12,1940
2050123.01,12,1165
2050123.02,12,2280
2050123.04,12,3685
2050123.05,12,1945
2050123.06,12,1620
2050130.01,12,4700
2050130.03,12,2565
2050130.04,12,2105
2050131.01,12,2950
2050131.02,12,2130
2050131.03,12,3265
2050131.04,12,1825
2050131.05,12,2175
2050132.03,12,3245
2050132.04,12,3090
2050132.06,12,2385
2050132.07,12,2555
2050132.08,12,3050
2050140,12,3440
2050141,12,3700
2050142.01,12,3115
2050142.02,12,2285
2050143.01,12,2535
2050143.02,12,3010
2050150.01,12,3420
2050150.02,12,3525
2050151,12,2970
2050152,12,2430
2050153,12,2780
2050154,12,1215
3050000,13,73140
3050001,13,490
3050002,13,2220
3050003.01,13,1240
3050003.03,13,4620
3050003.04,13,2990
3050004,13,3825
3050005,13,1220
3050006,13,2205
3050007,13,1695
3050008,13,2130
3050009,13,2545
3050010.01,13,965
3050010.02,13,4005
3050011,13,2160
3050012,13,4050
3050013,13,3120
3050014.02,13,3225
3050014.03,13,2395
3050014.04,13,4360
3050015,13,2925
3050016.01,13,3445
3050016.02,13,2630
3050100,13,3505
3050101,13,4450
3050102.01,13,2615
3050102.02,13,3175
3050200,13,375
3100000,13,61535
3100001.01,13,1420
3100001.02,13,1700
3100002.01,13,1855
3100002.02,13,1030
3100003,13,910
3100004,13,1170
3100011,13,250
3100012,13,470
3100013,13,600
3100014,13,1165
3100015,13,660
3100016,13,765
3100017,13,575
3100018,13,55
3100020,13,700
3100021,13,585
3100022,13,965
3100024,13,855
3100025.01,13,2100
3100025.02,13,1745
3100026,13,1855
3100027.01,13,1560
3100027.02,13,1425
3100028,13,780
3100029,13,3395
3100100.01,13,2785
3100100.02,13,1590
3100101,13,325
3100110.01,13,2060
3100110.02,13,3895
3100111,13,1390
3100120.02,13,3355
3100120.03,13,1635
3100120.04,13,4135
3100130.01,13,3555
3200000,13,49575
3200001,13,245
3200002,13,1970
3200003,13,1920
3200004,13,2915
3200006,13,3350
3200007,13,1990
3200008,13,3160
3200009,13,1815
3200010,13,920
3200011,13,2140
3200012,13,2065
3200013,13,2905
3200014,13,1840
3200015,13,1015
3200017,13,290
3200018,13,2505
3200019,13,940
3200020,13,3970
3200021,13,2250
3200022,13,1365
3200023,13,4175
3200024,13,3250
3200025,13,105
3200026,13,1540
4080000,24,74890
4080001,24,1980
4080002.01,24,1550
4080002.02,24,2185
4080003.01,24,2080
4080003.02,24,1605
4080004,24,1530
4080005,24,1390
4080006,24,1360
4080007,24,1485
4080008,24,2565
4080100,24,1790
4080101,24,2070
4080102,24,1440
4080103,24,3670
4080104,24,3590
4080105,24,1345
4080106,24,1490
4080107.02,24,1485
4080107.03,24,3680
4080107.04,24,475
4080108,24,840
4080109,24,875
4080110,24,2440
4080111.02,24,1660
4080120.01,24,1505
4080120.02,24,3845
4080130,24,2005
4080131,24,2080
4080132,24,1760
4080133,24,1920
4080140,24,2120
4080150,24,3165
4080160,24,3030
4080161,24,1330
4080162,24,3105
4080163,24,1445
4080164,24,925
4080166,24,190
4080167,24,1075
4080168,24,380
4210000,24,408430
4210001.01,24,1590
4210001.02,24,1610
4210002,24,720
4210003,24,3530
4210004,24,325
4210005,24,1785
4210006,24,2705
4210007,24,1010
4210009,24,1020
4210010,24,1310
4210011,24,1005
4210012,24,1205
4210013,24,1000
4210014,24,1315
4210015,24,1495
4210016,24,1275
4210017,24,35
4210018,24,785
4210019,24,1815
4210020,24,1790
4210021,24,950
4210022,24,1075
4210023,24,330
4210024,24,630
4210025,24,475
4210026,24,2485
4210027,24,1050
4210028,24,835
4210029,24,1075
4210030,24,1630
4210031,24,1105
4210032,24,505
4210033.01,24,1675
4210033.02,24,1865
4210034,24,2220
4210035,24,1060
4210036,24,2710
4210037,24,1795
4210038.01,24,1200
4210038.02,24,1305
4210039.01,24,3745
4210039.02,24,2565
4210040.01,24,2135
4210040.03,24,4915
4210040.04,24,330
4210041.02,24,4625
4210041.03,24,630
4210041.04,24,3575
4210041.05,24,4175
4210041.06,24,1930
4210041.07,24,1200
4210041.08,24,1425
4210041.09,24,1315
4210100,24,980
4210101,24,2335
4210102,24,1060
4210103,24,1340
4210110,24,2045
4210111,24,2335
4210112.01,24,2505
4210112.02,24,2360
4210113.01,24,2875
4210113.02,24,3500
4210114,24,2975
4210115,24,1400
4210116,24,4455
4210117.01,24,1465
4210117.02,24,2130
4210118,24,3540
4210119.02,24,2460
4210119.03,24,4625
4210119.04,24,1675
4210120.01,24,1535
4210120.02,24,3670
4210120.03,24,2025
4210140.01,24,3980
4210140.02,24,2215
4210140.03,24,2685
4210160.01,24,2790
4210160.02,24,2420
4210160.03,24,2050
4210170.03,24,2770
4210170.04,24,3390
4210170.05,24,3445
4210170.06,24,2345
4210170.07,24,2845
4210190,24,1450
4210200,24,4550
4210210.01,24,3165
4210210.02,24,2530
4210220.01,24,4470
4210220.02,24,3415
4210230.01,24,4350
4210230.02,24,3960
4210240.01,24,3735
4210240.02,24,3580
4210260.01,24,1495
4210260.02,24,1580
4210260.03,24,2190
4210270.01,24,2410
4210270.03,24,2080
4210270.04,24,1365
4210271.01,24,1865
4210271.02,24,1825
4210272,24,620
4210273.01,24,2440
4210273.02,24,1510
4210273.03,24,1790
4210273.04,24,2190
4210280.01,24,1965
4210280.02,24,2340
4210280.03,24,2865
4210290.01,24,2145
4210290.03,24,1310
4210290.04,24,4105
4210300,24,790
4210310,24,870
4210311.01,24,3070
4210311.02,24,1225
4210320.01,24,4040
4210320.02,24,2380
4210320.03,24,2405
4210320.04,24,1620
4210320.05,24,2135
4210320.07,24,2470
4210320.08,24,4245
4210330,24,1210
4210340.01,24,820
4210340.02,24,2445
4210340.03,24,3190
4210360.01,24,4115
4210360.02,24,4120
4210370,24,4250
4210500,24,3545
4210510,24,2030
4210520,24,3460
4210530,24,2060
4210540,24,3210
4210600.03,24,1235
4210600.04,24,4505
4210600.05,24,1590
4210600.06,24,2980
4210605,24,4535
4210610,24,2910
4210700,24,1340
4210800.01,24,2970
4210800.02,24,2920
4210801,24,1660
4210802,24,1450
4210810,24,1600
4210811,24,3830
4210812,24,1910
4210820.01,24,2235
4210820.03,24,3255
4210820.04,24,2430
4210825,24,4750
4210830.01,24,2475
4210830.02,24,3975
4210835.03,24,3840
4210835.04,24,2650
4210835.05,24,2635
4210835.06,24,1810
4210835.07,24,2970
4210840.01,24,3040
4210840.02,24,2630
4210845.02,24,4260
4210845.03,24,2470
4210845.04,24,2695
4210846.02,24,3425
4210846.03,24,645
4210846.04,24,4210
4210850.02,24,1265
4210850.03,24,2060
4210850.04,24,2450
4210850.05,24,1895
4210900,24,3005
4210901,24,2005
4330000,24,96935
4330001,24,2270
4330002,24,675
4330003,24,1365
4330004,24,1770
4330005,24,870
4330006,24,1135
4330007,24,1280
4330008,24,1305
4330009.01,24,1915
4330009.02,24,2090
4330010,24,1395
4330011,24,940
4330012,24,1035
4330013,24,655
4330014,24,1210
4330015.01,24,1110
4330015.02,24,2290
4330016,24,1825
4330017,24,1050
4330018,24,2520
4330019.01,24,2550
4330019.02,24,3455
4330100,24,2135
4330110.01,24,2010
4330110.03,24,2975
4330110.04,24,3255
4330110.06,24,3375
4330110.07,24,3315
4330111.01,24,2975
4330111.02,24,510
4330111.05,24,2760
4330111.06,24,1715
4330111.07,24,2875
4330111.08,24,2635
4330112,24,3085
4330113.01,24,3005
4330113.02,24,3040
4330200,24,720
4330201,24,1370
4330202,24,1270
4330300.01,24,3115
4330300.02,24,1820
4330400.01,24,2600
4330400.02,24,2570
4330400.03,24,2720
4330400.04,24,3635
4330401,24,775
4330402,24,1985
4420000,24,70675
4420001,24,725
4420002,24,1190
4420003,24,1020
4420004,24,2200
4420005,24,730
4420006,24,1000
4420007,24,1165
4420008,24,1010
4420009,24,315
4420010,24,1775
4420011,24,1105
4420012.01,24,900
4420012.02,24,1445
4420013.01,24,3245
4420013.02,24,2040
4420013.03,24,1665
4420100.01,24,3205
4420100.02,24,2290
4420101.02,24,3145
4420101.03,24,1885
4420101.04,24,2705
4420102,24,4090
4420200,24,1960
4420201,24,1145
4420202,24,660
4420203,24,1115
4420204,24,2025
4420205.01,24,3500
4420205.02,24,2105
4420205.03,24,2215
4420210,24,3515
4420211,24,3680
4420212,24,1325
4420213,24,765
4420300,24,3840
4420302,24,2345
4420303,24,300
4420304,24,1340
4470000,24,42090
4470001.01,24,2580
4470001.02,24,1340
4470002,24,1760
4470003,24,2100
4470004,24,1650
4470005,24,2385
4470006,24,1655
4470007,24,1685
4470008,24,3260
4470009,24,4865
4470010,24,3950
4470011,24,2320
4470013,24,610
4470014,24,3075
4470015,24,2845
4470100,24,500
4470101,24,2420
4470102,24,1235
4470103,24,655
4470104,24,545
4500000,24,38835
4500001,24,2875
4500002,24,3445
4500004,24,3100
4500005,24,1365
4500006,24,1495
4500007,24,1420
4500008,24,935
4500009,24,2510
4500010,24,2235
4500011,24,1100
4500012,24,2085
4500013,24,1620
4500014,24,1625
4500015,24,2710
4500016,24,2485
4500100,24,4290
4500200,24,1920
4500201,24,1600
4590000,24,47970
4590001,24,3910
4590002,24,235
4590004,24,1240
4590005,24,1845
4590007,24,695
4590008,24,1110
4590009,24,2895
4590011,24,1045
4590012,24,675
4590013,24,1995
4590014,24,1515
4590015,24,2195
4590100,24,1095
4590101,24,560
4590102,24,645
4590103,24,945
4590200,24,3295
4590201,24,2490
4590202,24,4100
4590203,24,1780
4590204,24,405
4590205,24,2165
4590206,24,985
4590207,24,435
4590300,24,1470
4590301,24,1305
4590302,24,1465
4590304,24,560
4590400,24,1550
4590401,24,1900
4590402,24,1455
4620000,24,1897615
4620001,24,1360
4620002,24,1345
4620003,24,3215
4620004,24,1565
4620005,24,1690
4620006,24,2075
4620007,24,2910
4620008,24,1705
4620009,24,1845
4620010,24,635
4620011,24,2965
4620012.01,24,1115
4620012.02,24,1680
4620013,24,2305
4620014.01,24,3720
4620015,24,2125
4620016,24,1250
4620017,24,1110
4620018,24,1055
4620019,24,1060
4620021,24,1270
4620022,24,745
4620023,24,605
4620024,24,1150
4620025,24,1405
4620026,24,1340
4620027,24,820
4620028,24,1145
4620029,24,1985
4620030,24,1740
4620031,24,1435
4620032,24,1010
4620033,24,935
4620034,24,1145
4620035,24,1190
4620036,24,1230
4620037,24,1315
4620038,24,830
4620039,24,940
4620041,24,960
4620042,24,545
4620043,24,525
4620044,24,1305
4620045,24,785
4620046,24,1245
4620047,24,425
4620048,24,1285
4620049,24,635
4620050,24,665
4620051,24,870
4620052,24,930
4620053,24,515
4620054,24,695
4620055.01,24,2945
4620055.02,24,565
4620056,24,635
4620057,24,440
4620058,24,430
4620059,24,875
4620060,24,265
4620061,24,355
4620062,24,1010
4620063,24,160
4620064,24,760
4620065.01,24,3015
4620065.02,24,1155
4620066.01,24,1255
4620066.02,24,800
4620067,24,750
4620068,24,425
4620069,24,2400
4620070,24,1985
4620072,24,1375
4620073,24,540
4620074,24,1835
4620075,24,1265
4620076,24,1395
4620077,24,860
4620078,24,1910
4620079,24,2305
4620080,24,425
4620081,24,1820
4620082,24,900
4620083,24,1835
4620084,24,965
4620085,24,320
4620086,24,1980
4620087,24,1790
4620088,24,1680
4620089,24,2465
4620090,24,1965
4620092,24,2490
4620093,24,1425
4620094.01,24,3015
4620095,24,1330
4620096,24,1340
4620097.01,24,3025
4620097.02,24,1650
4620098,24,2610
4620099,24,2530
4620100.01,24,1975
4620100.02,24,1605
4620101.01,24,1580
4620101.02,24,1580
4620102,24,2270
4620103,24,1285
4620104,24,1480
4620105,24,1885
4620106,24,1045
4620107,24,750
4620108,24,1995
4620109,24,1120
4620110,24,1965
4620111,24,3030
4620112.01,24,1870
4620112.02,24,1875
4620113,24,2625
4620114,24,1015
4620115.01,24,1065
4620115.02,24,2720
4620116,24,3060
4620117,24,1855
4620118,24,1825
4620119,24,2550
4620120.01,24,1625
4620120.02,24,580
4620121,24,860
4620122,24,2595
4620123,24,3020
4620124,24,2500
4620125,24,2540
4620126,24,920
4620127.01,24,2475
4620128,24,1865
4620129.01,24,2030
4620129.02,24,1470
4620130,24,1255
4620131,24,1430
4620132,24,2485
4620133,24,1355
4620134,24,630
4620135,24,1050
4620136,24,1625
4620137,24,525
4620138,24,1255
4620139,24,1895
4620140,24,880
4620141,24,1025
4620142,24,900
4620143,24,1210
4620144,24,1985
4620146,24,1460
4620147,24,1655
4620148,24,595
4620149,24,1940
4620150,24,1465
4620151,24,1295
4620152,24,970
4620153,24,455
4620154,24,410
4620155,24,1230
4620156,24,1235
4620157,24,1355
4620158,24,1265
4620159,24,1255
4620160,24,1140
4620161,24,975
4620162,24,910
4620163,24,1755
4620164,24,810
4620165,24,1355
4620167,24,1370
4620168,24,1220
4620169,24,1195
4620170,24,1185
4620171,24,2390
4620172,24,1560
4620173,24,1345
4620174,24,1295
4620175,24,1370
4620176,24,1050
4620177,24,790
4620178,24,1570
4620179,24,2250
4620180,24,1810
4620181,24,2005
4620182,24,1170
4620183,24,1210
4620184,24,1640
4620185,24,2765
4620186,24,2170
4620187.01,24,1305
4620187.03,24,2465
4620187.04,24,2755
4620188.01,24,1235
4620188.02,24,1390
4620190.01,24,1625
4620190.02,24,1030
4620191,24,2815
4620192,24,1095
4620193,24,1065
4620194,24,2925
4620195.01,24,1375
4620195.02,24,2120
4620195.03,24,2315
4620196,24,2000
4620197,24,2170
4620198,24,2060
4620199,24,1185
4620200,24,2140
4620201,24,2875
4620202,24,2190
4620203,24,1595
4620204,24,1525
4620205,24,1170
4620206,24,1355
4620207,24,1835
4620208,24,1535
4620209,24,2940
4620210,24,2245
4620211,24,1340
4620212,24,1470
4620213,24,1570
4620214,24,1595
4620215,24,1230
4620216,24,1430
4620217,24,1510
4620218,24,1840
4620219,24,1400
4620220,24,2240
4620221,24,2200
4620222,24,1430
4620223.01,24,1455
4620223.02,24,1180
4620224,24,1850
4620225,24,640
4620226,24,1795
4620227,24,925
4620228,24,965
4620230,24,1110
4620231,24,980
4620232,24,1990
4620233,24,1235
4620234,24,1125
4620235,24,1110
4620236,24,1110
4620237,24,1830
4620238,24,1310
4620239,24,2235
4620240,24,1320
4620241,24,1410
4620242,24,2760
4620243,24,1830
4620244,24,1125
4620245,24,1630
4620247,24,1340
4620249,24,1915
4620250,24,1785
4620251.01,24,1595
4620251.02,24,1065
4620252,24,1880
4620253,24,1260
4620254,24,1650
4620256,24,1425
4620257,24,1600
4620258,24,1635
4620259,24,2035
4620260,24,1000
4620261,24,1005
4620262,24,1695
4620263,24,1535
4620264.01,24,2360
4620264.02,24,2800
4620265,24,2420
4620266,24,1565
4620267,24,2605
4620268.01,24,2385
4620268.02,24,1115
4620269,24,1825
4620270,24,2250
4620271,24,1785
4620272,24,1750
4620273,24,1830
4620274,24,1230
4620275,24,1935
4620276,24,2415
4620277,24,1770
4620278,24,2090
4620279,24,1955
4620280,24,2195
4620281,24,1635
4620282,24,2520
4620283.01,24,1395
4620283.02,24,1315
4620284,24,1430
4620285,24,2315
4620286,24,2030
4620287.01,24,2640
4620287.02,24,2030
4620288,24,745
4620290.01,24,1080
4620290.02,24,3005
4620290.03,24,1925
4620290.04,24,3160
4620290.05,24,1900
4620290.06,24,2595
4620290.07,24,1935
4620290.08,24,2225
4620290.09,24,2240
4620291.01,24,2010
4620291.03,24,2505
4620291.04,24,2345
4620300,24,1140
4620301,24,2805
4620302,24,1335
4620303,24,1095
4620304,24,1335
4620305,24,1935
4620306,24,1295
4620307,24,1735
4620309,24,775
4620310,24,1815
4620311,24,1855
4620312,24,1655
4620313,24,1760
4620314,24,1190
4620316,24,1130
4620317.02,24,2925
4620317.03,24,2425
4620317.04,24,3775
4620320,24,2235
4620321,24,1520
4620322.02,24,1675
4620322.03,24,1855
4620322.04,24,1330
4620323,24,1290
4620324.01,24,1990
4620324.02,24,1245
4620325.01,24,1570
4620325.02,24,2820
4620325.03,24,1405
4620325.05,24,2295
4620325.06,24,2100
4620326.01,24,1185
4620326.02,24,1610
4620326.03,24,2250
4620327,24,2200
4620328,24,640
4620329,24,1680
4620330,24,2295
4620340,24,2520
4620350,24,1200
4620351,24,2045
4620352,24,1375
4620353,24,1355
4620354,24,1540
4620355,24,640
4620356,24,960
4620360,24,975
4620361,24,675
4620362,24,1255
4620363,24,2235
4620364,24,1240
4620365,24,1435
4620366,24,1225
4620367,24,2285
4620370,24,3470
4620380,24,1720
4620381,24,2410
4620382.01,24,1380
4620382.02,24,2075
4620383.01,24,1355
4620383.02,24,3130
4620385,24,630
4620390,24,425
4620391,24,820
4620392,24,750
4620393,24,2460
4620394,24,1765
4620395.01,24,600
4620395.02,24,2950
4620395.03,24,2400
4620396,24,3040
4620397,24,2020
4620400,24,2385
4620401,24,1560
4620402,24,625
4620403,24,2440
4620404,24,2230
4620410.01,24,2145
4620410.02,24,2105
4620410.03,24,845
4620412,24,3150
4620413.01,24,1915
4620413.02,24,1630
4620415.03,24,1895
4620415.04,24,1865
4620415.05,24,3595
4620415.06,24,3145
4620416.01,24,1890
4620416.02,24,1345
4620417.01,24,1830
4620417.02,24,970
4620418,24,2695
4620419,24,1920
4620420,24,2110
4620421.01,24,2625
4620421.02,24,2800
4620430,24,3150
4620431,24,2755
4620432,24,1590
4620433,24,1905
4620450,24,3395
4620451,24,3325
4620452,24,3245
4620453.01,24,2700
4620453.02,24,2260
4620460,24,2550
4620461,24,1265
4620462.01,24,2520
4620462.02,24,3035
4620470.01,24,3735
4620470.03,24,2950
4620470.04,24,2005
4620470.05,24,2340
4620480,24,1720
4620490,24,1210
4620491,24,1200
4620500,24,480
4620511.01,24,1665
4620511.02,24,2620
4620512.02,24,2095
4620512.03,24,1205
4620512.04,24,3130
4620513.01,24,2420
4620513.02,24,1655
4620514.01,24,3420
4620514.02,24,3420
4620515.01,24,2765
4620515.02,24,2390
4620515.03,24,1800
4620515.04,24,2080
4620520.02,24,3185
4620520.03,24,1955
4620520.04,24,2140
4620521.01,24,2400
4620521.04,24,2555
4620521.05,24,2470
4620521.06,24,2640
4620521.07,24,2225
4620522.01,24,1825
4620522.02,24,1965
4620523,24,1095
4620530,24,3060
4620540,24,1670
4620550.02,24,1570
4620550.03,24,3680
4620550.04,24,2945
4620570,24,1655
4620580.01,24,2060
4620580.02,24,1860
4620580.03,24,2240
4620581.01,24,2785
4620581.02,24,1720
4620582.01,24,3055
4620582.02,24,2850
4620583,24,1610
4620584,24,2970
4620585.01,24,1130
4620585.02,24,1665
4620590.01,24,2390
4620590.02,24,1290
4620591.01,24,1315
4620591.02,24,1670
4620592,24,3005
4620593.01,24,1380
4620593.02,24,1880
4620594.01,24,1240
4620594.02,24,3360
4620600.01,24,1595
4620600.02,24,1565
4620600.03,24,2095
4620601.01,24,1260
4620601.02,24,1865
4620602.01,24,1275
4620602.02,24,1125
4620603.01,24,1460
4620603.02,24,1450
4620603.03,24,1320
4620604.01,24,1440
4620604.02,24,1765
4620604.03,24,1110
4620604.04,24,1575
4620604.05,24,1895
4620605.01,24,1345
4620605.02,24,930
4620605.03,24,2325
4620605.04,24,2045
4620605.05,24,970
4620610.01,24,1695
4620610.02,24,1890
4620610.03,24,1755
4620610.04,24,1425
4620610.05,24,1285
4620610.06,24,1175
4620610.07,24,930
4620611.01,24,1305
4620611.02,24,2185
4620612,24,1505
4620613,24,2550
4620614,24,1500
4620615,24,2240
4620616,24,2460
4620617.01,24,2170
4620617.02,24,1860
4620618,24,1345
4620619,24,1905
4620625.01,24,3050
4620625.02,24,3665
4620626,24,3220
4620627,24,2630
4620628.01,24,2155
4620628.02,24,1870
4620629,24,1645
4620630.01,24,1875
4620630.02,24,2420
4620631,24,3760
4620632.01,24,2445
4620632.02,24,2430
4620632.03,24,2405
4620632.04,24,4030
4620633,24,2320
4620634,24,1295
4620635,24,2160
4620636,24,3325
4620637.01,24,2420
4620637.02,24,2230
4620638.01,24,2905
4620638.02,24,955
4620638.03,24,1890
4620638.04,24,2995
4620639,24,1760
4620640,24,1775
4620641.01,24,3505
4620641.02,24,1515
4620642,24,3385
4620643.01,24,1935
4620643.02,24,1920
4620643.03,24,2555
4620644,24,640
4620645,24,1665
4620646.01,24,1290
4620646.02,24,1585
4620646.03,24,1245
4620647.01,24,950
4620647.02,24,2810
4620648,24,2115
4620649.01,24,1265
4620649.02,24,2530
4620650.01,24,2010
4620650.02,24,1630
4620650.03,24,5420
4620651.01,24,3185
4620651.02,24,3665
4620652.01,24,4165
4620652.04,24,2185
4620652.06,24,2205
4620652.07,24,4250
4620652.08,24,2605
4620652.09,24,2305
4620653,24,535
4620654,24,460
4620655.01,24,2180
4620655.02,24,3480
4620656.01,24,3580
4620656.03,24,2105
4620656.04,24,3550
4620657.01,24,1910
4620657.02,24,3015
4620657.03,24,2505
4620658.01,24,2285
4620658.02,24,1710
4620658.03,24,4340
4620659.04,24,2320
4620659.05,24,4215
4620659.06,24,2055
4620659.08,24,3505
4620659.09,24,1605
4620659.1,24,1910
4620659.11,24,3110
4620660.01,24,3145
4620660.02,24,2805
4620660.03,24,3705
4620661.01,24,4645
4620661.03,24,2470
4620661.04,24,2620
4620662,24,2600
4620675,24,2225
4620676.01,24,1580
4620676.02,24,1250
4620676.03,24,1110
4620676.04,24,1580
4620677.01,24,3000
4620677.02,24,2625
4620677.05,24,2765
4620677.06,24,3600
4620677.07,24,2410
4620677.08,24,4345
4620677.09,24,2455
4620677.1,24,2170
4620681,24,1825
4620682.02,24,1275
4620682.03,24,4610
4620682.04,24,1915
4620682.05,24,1785
4620682.06,24,2640
4620683,24,2845
4620684.03,24,4210
4620684.05,24,3005
4620684.08,24,3335
4620684.09,24,1745
4620684.1,24,2095
4620684.11,24,2505
4620685.02,24,2210
4620685.03,24,2745
4620685.04,24,1805
4620685.05,24,2415
4620685.06,24,7105
4620686.01,24,3030
4620686.02,24,2175
4620686.03,24,1955
4620687.01,24,2405
4620687.03,24,4990
4620687.04,24,2760
4620687.06,24,3350
4620687.07,24,3370
4620687.09,24,1800
4620687.1,24,4625
4620688.02,24,1440
4620688.03,24,2585
4620688.04,24,3070
4620689.01,24,2900
4620689.02,24,2020
4620689.03,24,4440
4620689.04,24,2960
4620690,24,3505
4620691,24,3320
4620692,24,4950
4620693,24,2460
4620694,24,3400
4620700.01,24,2070
4620700.03,24,1395
4620700.04,24,2420
4620701.01,24,1800
4620701.02,24,3475
4620702.01,24,1355
4620702.02,24,3720
4620703.02,24,1935
4620703.03,24,2415
4620703.04,24,3015
4620704.01,24,2400
4620704.04,24,2720
4620704.05,24,3760
4620704.06,24,900
4620704.08,24,1875
4620704.09,24,2490
4620705.01,24,1870
4620705.02,24,2425
4620706,24,1805
4620707,24,2190
4620708.01,24,2555
4620708.02,24,1995
4620709.01,24,4135
4620709.02,24,3205
4620710.03,24,4435
4620710.05,24,3285
4620710.06,24,2025
4620710.07,24,2645
4620710.08,24,2425
4620710.09,24,2955
4620710.1,24,2570
4620710.11,24,1760
4620725.03,24,1870
4620725.04,24,1885
4620725.06,24,1025
4620725.07,24,3610
4620725.08,24,4685
4620726.01,24,3265
4620726.03,24,2390
4620726.04,24,1075
4620727.01,24,1395
4620727.02,24,1865
4620728.01,24,3770
4620728.02,24,2185
4620728.03,24,1435
4620729,24,1755
4620730.01,24,5330
4620730.02,24,3380
4620731,24,3495
4620732.01,24,3620
4620732.02,24,1860
4620733,24,3230
4620734.01,24,5305
4620734.03,24,2980
4620734.04,24,2040
4620734.05,24,2635
4620735.01,24,3525
4620735.02,24,4110
4620740.01,24,980
4620740.02,24,6980
4620750.01,24,2795
4620750.02,24,3250
4620750.04,24,1095
4620750.05,24,5660
4620751.01,24,3540
4620751.02,24,4250
4620755.01,24,4125
4620755.02,24,4680
4620756.02,24,560
4620756.03,24,3995
4620756.04,24,3220
4620756.05,24,2920
4620757,24,2465
4620758.03,24,2205
4620758.04,24,2810
4620758.05,24,2380
4620758.06,24,3090
4620760,24,3720
4620775,24,1355
4620776,24,1440
4620777.01,24,1830
4620777.02,24,2350
4620780,24,1515
4620781,24,1830
4620782,24,1385
4620783,24,1750
4620784,24,1235
4620785,24,1795
4620786,24,2335
4620787,24,3650
4620788,24,2720
4620789,24,3720
4620790,24,3915
4620791,24,4260
4620792,24,2310
4620800.01,24,2205
4620800.02,24,2305
4620801,24,3435
4620802,24,1745
4620804.01,24,3495
4620804.02,24,995
4620805,24,3705
4620806.01,24,1620
4620806.02,24,2420
4620807.01,24,4365
4620807.02,24,2010
4620825.01,24,7175
4620825.02,24,1890
4620825.03,24,2610
4620825.04,24,2585
4620825.05,24,2390
4620826.02,24,2305
4620826.05,24,2035
4620826.06,24,1820
4620826.07,24,1570
4620826.08,24,1670
4620826.09,24,1665
4620826.1,24,3520
4620826.11,24,1880
4620826.13,24,2190
4620826.14,24,3720
4620827.02,24,3510
4620827.03,24,3890
4620827.04,24,4970
4620828.03,24,3015
4620828.04,24,2115
4620828.05,24,2890
4620828.06,24,3080
4620829,24,4105
4620830.01,24,4010
4620830.03,24,3345
4620830.04,24,2480
4620831.03,24,2390
4620831.04,24,2790
4620831.05,24,2555
4620831.08,24,3310
4620831.09,24,2305
4620833,24,3350
4620850.01,24,4975
4620850.03,24,2610
4620850.04,24,2260
4620850.05,24,2005
4620851,24,2540
4620852.01,24,3840
4620852.02,24,405
4620853.02,24,3080
4620853.03,24,3245
4620853.04,24,3100
4620854.01,24,2740
4620854.02,24,3165
4620855.01,24,2670
4620855.03,24,3050
4620855.04,24,1595
4620856,24,1065
4620857.01,24,2745
4620857.02,24,2260
4620857.06,24,3270
4620857.07,24,4185
4620857.08,24,2500
4620857.09,24,2865
4620857.1,24,2610
4620857.11,24,1770
4620857.12,24,2030
4620858.01,24,2390
4620858.02,24,2035
4620858.04,24,2710
4620858.05,24,1610
4620859,24,1195
4620860.01,24,3315
4620860.02,24,1855
4620861,24,3125
4620862,24,2855
4620863.01,24,1530
4620863.02,24,2595
4620864,24,2840
4620865,24,840
4620866,24,1495
4620867,24,3125
4620868.01,24,2755
4620868.02,24,2485
4620869,24,1420
4620870.01,24,1685
4620870.02,24,1160
4620871.01,24,1580
4620871.02,24,940
4620872,24,2900
4620873.01,24,1765
4620873.02,24,2010
4620874,24,2100
4620875,24,2260
4620876.01,24,1355
4620876.04,24,3385
4620876.05,24,4030
4620876.06,24,2960
4620876.07,24,940
4620877.01,24,3865
4620877.02,24,2700
4620878,24,2230
4620879.01,24,1605
4620879.02,24,2055
4620880,24,2030
4620881.01,24,1735
4620881.02,24,1785
4620882,24,1235
4620883,24,1325
4620884.01,24,1480
4620884.02,24,3130
4620885,24,1605
4620886.01,24,1925
4620886.02,24,1950
4620886.03,24,1500
4620887.03,24,2085
4620887.04,24,2625
4620887.05,24,2645
4620887.06,24,2595
4620888.01,24,1300
4620888.02,24,2875
4620888.03,24,1935
4620889.01,24,1120
4620889.02,24,1530
4620889.03,24,2320
4620900,24,2140
4620901.01,24,2800
4620901.02,24,2485
4620901.03,24,4035
4620902,24,3035
4620903.01,24,3795
4620903.04,24,2200
4620903.05,24,2145
4620903.07,24,2665
4620903.08,24,1640
4620903.09,24,3030
4620903.1,24,3160
4620903.11,24,2265
4620903.12,24,3480
4620904.02,24,2440
4620904.03,24,3000
4620904.04,24,2105
4620904.05,24,2130
4620904.06,24,2675
4620926.01,24,2840
4620926.02,24,2445
4620929.01,24,1955
4620929.02,24,2740
4620930.02,24,4665
4620930.03,24,1530
4620930.04,24,3400
4621000,24,2405
4621001,24,1685
4621002,24,2925
4621003,24,3680
4621004,24,2535
4621005,24,3660
5050000,35,654515
5050001.01,35,3475
5050001.04,35,1450
5050001.05,35,3195
5050001.06,35,3510
5050001.07,35,2295
5050001.08,35,2335
5050002.01,35,1400
5050002.02,35,1640
5050002.04,35,645
5050002.05,35,2485
5050002.06,35,1495
5050003,35,2130
5050004,35,1930
5050005,35,3245
5050006,35,2065
5050007.01,35,1025
5050007.02,35,1815
5050007.03,35,1700
5050008,35,2275
5050009,35,1700
5050010,35,1645
5050011.01,35,3305
5050011.03,35,2080
5050011.04,35,2090
5050012,35,1590
5050013,35,2500
5050014,35,690
5050015,35,3170
5050016,35,2550
5050017,35,2200
5050018,35,2175
5050019,35,2100
5050020.01,35,2815
5050020.02,35,1455
5050021,35,3155
5050022,35,2270
5050023.01,35,3040
5050023.02,35,2250
5050024,35,1570
5050025,35,2405
5050026,35,2670
5050027,35,2060
5050028,35,3215
5050029,35,1985
5050030,35,2935
5050031,35,2455
5050032.01,35,1620
5050032.02,35,2605
5050033.01,35,2520
5050033.02,35,1595
5050034,35,1820
5050035,35,2435
5050036,35,1845
5050037,35,5115
5050038,35,2950
5050039,35,1700
5050040,35,2455
5050041,35,2110
5050042,35,1905
5050043,35,2565
5050044,35,1400
5050045,35,4490
5050046,35,2370
5050047,35,270
5050048,35,2695
5050049,35,1895
5050050,35,410
5050051,35,2845
5050052,35,2575
5050053,35,1910
5050054,35,1485
5050055,35,1200
5050056,35,1915
5050057,35,885
5050058,35,1785
5050059,35,1875
5050060,35,1850
5050061,35,2435
5050062.01,35,2580
5050062.02,35,660
5050100,35,1525
5050101,35,1515
5050102,35,1525
5050103,35,2140
5050104,35,1645
5050110,35,860
5050120.01,35,545
5050120.02,35,1780
5050120.03,35,2525
5050121.01,35,2160
5050121.02,35,1660
5050122.01,35,1590
5050122.02,35,3485
5050122.03,35,2405
5050123.01,35,2385
5050123.02,35,4660
5050124.01,35,1650
5050124.02,35,2275
5050124.03,35,2475
5050124.04,35,1690
5050125.01,35,2105
5050125.02,35,1880
5050125.04,35,2175
5050125.05,35,2890
5050125.06,35,3995
5050125.07,35,2500
5050125.08,35,2935
5050125.09,35,2055
5050126.03,35,2545
5050126.04,35,1775
5050126.05,35,3280
5050126.06,35,2700
5050127,35,2225
5050130.01,35,1815
5050130.02,35,2395
5050131.01,35,2515
5050131.02,35,2345
5050132,35,2915
5050133,35,2480
5050134,35,1835
5050135.01,35,3430
5050135.02,35,2510
5050135.03,35,925
5050136.01,35,2110
5050136.02,35,2600
5050137.02,35,1695
5050137.03,35,785
5050137.04,35,1140
5050137.05,35,3930
5050138,35,3245
5050139,35,1975
5050140.03,35,1475
5050140.04,35,3320
5050140.05,35,2865
5050140.06,35,1265
5050140.07,35,2625
5050141.04,35,1760
5050141.05,35,3555
5050141.08,35,4520
5050141.09,35,3510
5050141.1,35,2840
5050141.11,35,2830
5050141.12,35,3190
5050141.13,35,1540
5050141.14,35,1095
5050141.15,35,4420
5050151.03,35,2390
5050151.04,35,3085
5050151.05,35,1655
5050151.06,35,2615
5050151.07,35,3585
5050151.08,35,2865
5050151.09,35,2720
5050160.02,35,2515
5050160.03,35,2440
5050160.04,35,3720
5050160.05,35,2040
5050160.06,35,2280
5050160.07,35,3440
5050160.09,35,1795
5050160.1,35,5035
5050160.11,35,2900
5050161.03,35,2730
5050161.04,35,2475
5050161.05,35,3490
5050161.06,35,2630
5050162.01,35,2705
5050162.02,35,2560
5050170.01,35,2460
5050170.03,35,2215
5050170.04,35,2125
5050170.05,35,2285
5050170.08,35,1515
5050170.09,35,2970
5050170.1,35,2440
5050170.11,35,1960
5050170.12,35,2855
5050170.13,35,2955
5050171.03,35,3115
5050171.05,35,2775
5050171.06,35,3275
5050171.07,35,2625
5050171.08,35,6855
5050180.01,35,3605
5050180.02,35,2620
5050181.01,35,3670
5050181.02,35,3225
5050182,35,2515
5050183,35,2690
5050184,35,3600
5050190.01,35,3640
5050190.02,35,3550
5050191.01,35,2420
5050191.02,35,2760
5050200.01,35,1410
5050200.02,35,3600
5050201,35,2280
5050300,35,4875
5050301,35,2775
5050302,35,3975
5050500,35,1290
5050501,35,905
5050502,35,925
5050503,35,935
5050504.01,35,3415
5050504.03,35,2240
5050504.04,35,2970
5050504.05,35,2785
5050505,35,1745
5050506,35,2510
5050507,35,2260
5050508,35,1570
5050509,35,1345
5050510.01,35,2465
5050510.02,35,1535
5050511.01,35,3665
5050511.02,35,4770
5050600,35,1240
5050601.01,35,2465
5050601.02,35,1260
5050601.03,35,2275
5050602.01,35,1865
5050602.02,35,1640
5050602.03,35,2795
5050610.01,35,980
5050610.02,35,1040
5050611,35,2300
5050612.01,35,1010
5050612.02,35,450
5050613.01,35,2015
5050613.03,35,3595
5050613.04,35,2090
5050613.05,35,4640
5050620.01,35,2930
5050620.03,35,2160
5050620.04,35,2755
5050630.01,35,4875
5050630.02,35,2180
5050631,35,4490
5050700.01,35,3830
5050700.03,35,2930
5050700.04,35,2900
5050710.01,35,3075
5050710.02,35,3655
5050711,35,3140
5050712,35,2495
5050800,35,850
5050810.01,35,2560
5050810.02,35,2400
5050811.01,35,2250
5050811.02,35,2160
5050820,35,3960
5050821.01,35,3920
5050821.02,35,1925
5050822.02,35,3920
5050822.03,35,1215
5050822.04,35,9150
5050840,35,2805
5050841.03,35,5180
5050841.04,35,3260
5050841.06,35,1500
5050841.07,35,4200
5050850,35,2925
5050901,35,2690
5050902,35,280
5050903,35,345
5050904,35,270
5050905,35,405
5210000,35,77785
5210001,35,1640
5210003,35,1380
5210004,35,1255
5210005,35,2595
5210006,35,1465
5210007,35,2320
5210009,35,1630
5210010,35,1780
5210011.02,35,1225
5210012,35,2080
5210013,35,245
5210014,35,1810
5210015,35,1470
5210100.01,35,610
5210100.02,35,4805
5210101,35,2060
5210102,35,3180
5210103,35,2970
5210105.01,35,3115
5210105.02,35,900
5210106,35,3560
5210107,35,200
5210108,35,635
5210109,35,290
5210110,35,4555
5210111.01,35,1660
5210111.02,35,3585
5210112.03,35,1475
5210112.04,35,2380
5210112.05,35,1610
5210112.06,35,2630
5210112.07,35,1535
5210113.01,35,4705
5210113.02,35,2770
5220000,35,42910
5220001,35,450
5220002,35,1285
5220003,35,1245
5220004,35,1965
5220005,35,390
5220006,35,2585
5220007,35,2365
5220008,35,1335
5220009,35,975
5220010,35,20
5220011,35,2050
5220012,35,3180
5220200,35,1290
5220201,35,2015
5220202,35,1675
5220300,35,1720
5220301,35,725
5220302,35,2570
5220303,35,1950
5220400,35,990
5220401,35,1845
5220403,35,1490
5220404,35,950
5220406,35,1985
5220500,35,2000
5220501,35,1680
5290000,35,55150
5290001.01,35,1625
5290001.02,35,2050
5290002,35,1835
5290003,35,2770
5290004,35,1945
5290006,35,2465
5290007,35,1770
5290008,35,1775
5290009.01,35,1185
5290009.02,35,2340
5290009.03,35,2810
5290009.04,35,2835
5290010,35,1170
5290011,35,1215
5290012,35,2775
5290013,35,2200
5290014,35,1065
5290100,35,1865
5290101,35,1595
5290102.01,35,3115
5290102.02,35,1760
5290103,35,2425
5290104,35,1325
5290105,35,2905
5290201,35,2340
5320000,35,176850
5320001,35,1510
5320002.01,35,1545
5320002.03,35,3140
5320003.01,35,2095
5320003.02,35,3240
5320004.01,35,1380
5320004.02,35,1800
5320007,35,2435
5320008.01,35,2055
5320008.02,35,1195
5320008.03,35,2140
5320008.05,35,1470
5320008.06,35,2820
5320008.07,35,3715
5320009.01,35,1365
5320009.02,35,1735
5320009.03,35,3060
5320009.04,35,1210
5320009.05,35,2330
5320010,35,1585
5320011,35,2445
5320012,35,2415
5320013,35,3185
5320014.01,35,1280
5320014.02,35,1730
5320015.01,35,1860
5320015.02,35,1920
5320016.01,35,4155
5320016.02,35,4680
5320100.01,35,3135
5320100.02,35,2630
5320100.03,35,3715
5320101.02,35,2130
5320101.03,35,2400
5320101.04,35,2590
5320101.05,35,1455
5320101.06,35,2400
5320102.01,35,1780
5320102.02,35,905
5320102.03,35,1505
5320103,35,1140
5320104,35,2275
5320105.03,35,4550
5320105.04,35,2195
5320105.05,35,2335
5320105.06,35,1505
5320105.07,35,3265
5320105.08,35,1575
5320105.09,35,2355
5320105.1,35,3545
5320105.11,35,4570
5320105.12,35,4960
5320105.13,35,4610
5320200,35,3035
5320201.01,35,2640
5320201.02,35,1930
5320202.03,35,1485
5320202.04,35,3045
5320202.05,35,2550
5320202.07,35,2280
5320202.08,35,1695
5320202.09,35,1595
5320202.1,35,2865
5320202.11,35,3215
5320203.01,35,2430
5320203.02,35,2615
5320203.03,35,1825
5320203.04,35,3380
5320204,35,1675
5320205,35,2490
5320206,35,2620
5350000,35,2780685
5350001,35,305
5350002,35,405
5350004,35,3480
5350005,35,2545
5350007.01,35,1655
5350007.02,35,2100
5350008,35,7100
5350010.01,35,3395
5350010.02,35,5040
5350011,35,6895
5350012.01,35,4510
5350012.02,35,8105
5350013,35,7070
5350015,35,2375
5350016,35,4275
5350017,35,4390
5350018,35,1240
5350019,35,1485
5350020,35,1355
5350021,35,3060
5350022,35,2105
5350023,35,1890
5350024,35,3745
5350025,35,1765
5350026,35,3175
5350027,35,2180
5350028,35,3640
5350029,35,3450
5350030,35,1265
5350031,35,2185
5350032,35,2260
5350033,35,2000
5350034.01,35,2195
5350034.02,35,3290
5350035,35,4165
5350036,35,2850
5350037,35,2410
5350038,35,2125
5350039,35,2110
5350040,35,2510
5350041,35,2010
5350042,35,2515
5350043,35,2120
5350044,35,3030
5350045,35,2015
5350046,35,1790
5350047.01,35,2075
5350047.02,35,1665
5350048,35,2240
5350049,35,1875
5350050.01,35,3740
5350050.02,35,3315
5350051,35,3130
5350052,35,2275
5350053,35,3350
5350054,35,3300
5350055,35,1770
5350056,35,2980
5350057,35,1555
5350058,35,2250
5350059,35,2030
5350060,35,1320
5350061,35,330
5350062.01,35,2475
5350062.02,35,3580
5350063.01,35,5660
5350063.02,35,4275
5350064,35,2580
5350065,35,6355
5350066,35,4540
5350067,35,1095
5350068,35,1520
5350069,35,2855
5350070,35,2065
5350071,35,1930
5350072.01,35,2055
5350072.02,35,1750
5350073,35,1430
5350074,35,1805
5350075,35,2045
5350076,35,2200
5350077,35,2475
5350078,35,3305
5350079,35,3685
5350080.01,35,1865
5350080.02,35,2190
5350081,35,1580
5350082,35,1345
5350083,35,1930
5350084,35,1975
5350085,35,2350
5350086,35,1175
5350087,35,2430
5350088,35,1565
5350089,35,2005
5350090,35,2135
5350091.01,35,3175
5350091.02,35,1800
5350092,35,4655
5350093,35,3000
5350094,35,2805
5350095,35,1705
5350096,35,2855
5350097.01,35,2105
5350097.02,35,3020
5350098,35,3585
5350099,35,3700
5350101,35,1960
5350102.01,35,880
5350102.02,35,2505
5350102.03,35,2020
5350103,35,3270
5350104,35,2805
5350105,35,2505
5350106,35,2080
5350107,35,2930
5350108,35,2750
5350109,35,2835
5350110,35,1815
5350111,35,1230
5350112,35,2215
5350113,35,1440
5350114,35,2575
5350115,35,2140
5350116,35,1985
5350117,35,1250
5350118,35,2200
5350119,35,2690
5350120,35,795
5350121,35,1060
5350122,35,3650
5350123,35,1505
5350124,35,3030
5350125,35,2270
5350126,35,2250
5350127,35,3000
5350128.02,35,5310
5350128.03,35,3060
5350128.04,35,2575
5350129,35,2815
5350130,35,1795
5350131,35,2935
5350132,35,2950
5350133,35,3705
5350134,35,1405
5350135,35,3330
5350136.01,35,4020
5350136.02,35,3120
5350137,35,3855
5350138,35,1470
5350139,35,3620
5350140,35,1315
5350141.01,35,2270
5350141.02,35,2310
5350142,35,2935
5350150,35,2365
5350151,35,1625
5350152,35,2335
5350153,35,2175
5350154,35,2710
5350155,35,1345
5350156.01,35,2465
5350156.02,35,1260
5350157,35,1220
5350158,35,955
5350159.01,35,1680
5350159.02,35,2365
5350160,35,1675
5350161,35,3110
5350162,35,2280
5350163,35,2220
5350164,35,3330
5350165,35,2490
5350166,35,2175
5350167.01,35,880
5350167.02,35,3520
5350168,35,2635
5350169.01,35,1735
5350169.02,35,4010
5350170,35,1840
5350171,35,1435
5350172,35,1355
5350173,35,1315
5350174,35,3325
5350175.01,35,2645
5350175.02,35,3660
5350176,35,2320
5350180,35,3065
5350181.01,35,2410
5350181.02,35,1650
5350182,35,3050
5350183,35,3595
5350184.01,35,2415
5350184.02,35,2155
5350185.01,35,3410
5350185.02,35,2395
5350186,35,1130
5350187,35,1630
5350188,35,1055
5350189,35,2485
5350190.01,35,3630
5350190.02,35,2055
5350191,35,2110
5350192,35,360
5350193,35,1470
5350194.01,35,1530
5350194.02,35,2000
5350194.03,35,985
5350194.04,35,2220
5350195,35,3200
5350196,35,3700
5350200,35,3450
5350201,35,2945
5350202,35,935
5350203,35,1765
5350204,35,2415
5350206.01,35,2260
5350206.02,35,3100
5350207,35,1230
5350208,35,1715
5350209,35,1165
5350210,35,4860
5350211,35,3285
5350212,35,2955
5350213,35,3970
5350214,35,2625
5350215,35,3450
5350216,35,2780
5350217,35,3035
5350218,35,1300
5350219,35,1985
5350220,35,2070
5350221.01,35,2920
5350221.02,35,1920
5350222.01,35,2810
5350222.02,35,2185
5350223,35,1745
5350224,35,845
5350225.01,35,2585
5350225.02,35,3815
5350226,35,1630
5350227,35,860
5350228,35,1465
5350229,35,615
5350230.01,35,1230
5350230.02,35,2780
5350231,35,3235
5350232,35,2140
5350233,35,2600
5350234,35,1965
5350235.01,35,1360
5350235.02,35,2560
5350236.01,35,3050
5350236.02,35,3015
5350237.01,35,2535
5350237.02,35,1390
5350237.03,35,2450
5350238.01,35,1580
5350238.02,35,2530
5350239,35,2965
5350240.01,35,1400
5350240.02,35,2370
5350241,35,1445
5350242,35,665
5350243.01,35,2100
5350243.02,35,1340
5350244.01,35,2590
5350244.02,35,1475
5350245,35,3070
5350246,35,1610
5350247.01,35,4130
5350247.02,35,3235
5350248.02,35,1725
5350248.03,35,1320
5350248.04,35,2660
5350248.05,35,1840
5350249.01,35,2185
5350249.03,35,2680
5350249.04,35,1270
5350249.05,35,2080
5350250.01,35,2085
5350250.02,35,2205
5350250.04,35,2420
5350250.05,35,2800
5350260.01,35,3035
5350260.03,35,3410
5350260.04,35,1310
5350260.05,35,1035
5350261,35,1875
5350262.01,35,2705
5350262.02,35,2955
5350263.02,35,1400
5350263.03,35,2800
5350263.04,35,2720
5350264,35,725
5350265,35,1820
5350266,35,1480
5350267,35,3125
5350268,35,2985
5350269.01,35,2320
5350269.02,35,1290
5350270.01,35,2615
5350270.02,35,1980
5350271.01,35,1250
5350271.02,35,2135
5350272.01,35,2580
5350272.02,35,2250
5350273.01,35,1890
5350273.02,35,2050
5350274.01,35,2340
5350274.02,35,2520
5350275,35,2565
5350276.01,35,3105
5350276.02,35,3395
5350277,35,1880
5350278,35,3375
5350279.01,35,2100
5350279.02,35,2575
5350280,35,3300
5350281.01,35,2970
5350281.02,35,1590
5350282,35,2185
5350283.01,35,2020
5350283.02,35,1540
5350284,35,3185
5350285,35,1655
5350286,35,1565
5350287.01,35,3060
5350287.02,35,2530
5350288,35,4525
5350289,35,1995
5350290,35,2325
5350291.01,35,1785
5350291.02,35,2385
5350292,35,3010
5350293,35,1875
5350294.01,35,1795
5350294.02,35,1985
5350295,35,2435
5350296,35,70
5350297.01,35,3385
5350297.02,35,3030
5350298,35,2340
5350299.01,35,2895
5350299.02,35,2315
5350300,35,6055
5350301.01,35,1410
5350301.03,35,1945
5350301.04,35,1715
5350302.01,35,3100
5350302.02,35,2725
5350302.03,35,1575
5350303,35,2450
5350304.01,35,2025
5350304.02,35,2130
5350304.03,35,1310
5350304.04,35,1660
5350304.05,35,1220
5350304.06,35,2840
5350305.01,35,2105
5350305.03,35,2350
5350305.04,35,2985
5350306.01,35,2070
5350306.02,35,2240
5350307.03,35,1985
5350307.04,35,3085
5350307.05,35,1945
5350307.06,35,2700
5350307.07,35,2730
5350308.01,35,5020
5350308.02,35,2205
5350309,35,2870
5350310.01,35,1690
5350310.02,35,2350
5350311.02,35,2585
5350311.03,35,950
5350311.04,35,2975
5350311.05,35,3035
5350311.06,35,2485
5350312.02,35,1550
5350312.03,35,2520
5350312.04,35,1865
5350312.05,35,1200
5350312.06,35,1085
5350312.07,35,1115
5350313,35,2505
5350314.01,35,2050
5350314.02,35,2255
5350315.01,35,1405
5350315.02,35,1530
5350315.03,35,2220
5350316.01,35,1760
5350316.03,35,2190
5350316.04,35,1515
5350316.05,35,1600
5350316.06,35,1215
5350317.02,35,3060
5350317.03,35,2040
5350317.04,35,3000
5350317.05,35,1275
5350318,35,3820
5350319,35,1890
5350320.01,35,2285
5350320.02,35,2905
5350321.01,35,1845
5350321.02,35,1870
5350322.01,35,2535
5350322.02,35,1300
5350323.01,35,1860
5350323.02,35,2325
5350324.01,35,1750
5350324.02,35,2815
5350324.03,35,1435
5350324.05,35,1535
5350324.06,35,1785
5350330,35,2025
5350331.01,35,2620
5350331.03,35,1905
5350331.04,35,1525
5350332,35,2935
5350333,35,2220
5350334,35,1865
5350335,35,3105
5350336,35,3530
5350337,35,1290
5350338,35,2675
5350339,35,3430
5350340,35,3115
5350341.02,35,1680
5350341.03,35,1490
5350341.04,35,1840
5350342,35,3065
5350343,35,1625
5350344.01,35,2225
5350344.02,35,1380
5350345,35,1495
5350346.01,35,1825
5350346.02,35,2165
5350347,35,1365
5350348,35,2550
5350349,35,2580
5350350,35,2520
5350351.01,35,2135
5350351.02,35,1460
5350352,35,2435
5350353.02,35,2175
5350353.03,35,1335
5350353.04,35,1670
5350354,35,2270
5350355.02,35,2465
5350355.03,35,1370
5350355.04,35,2170
5350356,35,2175
5350357.01,35,2390
5350357.02,35,1635
5350358.01,35,1560
5350358.02,35,1635
5350358.03,35,1915
5350359,35,2790
5350360,35,2855
5350361.01,35,2935
5350361.02,35,3935
5350362.01,35,3100
5350362.02,35,3015
5350362.03,35,3685
5350362.04,35,2330
5350363.02,35,1525
5350363.04,35,1670
5350363.05,35,1750
5350363.06,35,3550
5350363.07,35,1710
5350364.01,35,2660
5350364.02,35,1255
5350365,35,2730
5350366,35,2670
5350367.01,35,1825
5350367.02,35,1725
5350368.01,35,3040
5350368.02,35,1600
5350369,35,3095
5350370.01,35,4410
5350370.02,35,2230
5350370.03,35,1640
5350371,35,3230
5350372,35,2080
5350373,35,2105
5350374.01,35,2355
5350374.02,35,1535
5350374.03,35,1680
5350375.01,35,2555
5350375.02,35,925
5350375.03,35,2080
5350375.04,35,2575
5350375.05,35,3180
5350376.01,35,2190
5350376.02,35,2350
5350376.04,35,2350
5350376.05,35,3025
5350376.06,35,30
5350376.08,35,2830
5350376.09,35,2100
5350376.11,35,1425
5350376.12,35,2345
5350376.13,35,1560
5350376.14,35,1710
5350376.15,35,1545
5350376.16,35,1225
5350377.01,35,3210
5350377.02,35,2070
5350377.03,35,1210
5350377.04,35,2720
5350377.06,35,1750
5350377.07,35,2260
5350378.02,35,1305
5350378.03,35,3585
5350378.04,35,2590
5350378.05,35,1960
5350378.06,35,2660
5350378.07,35,3275
5350378.08,35,2990
5350378.11,35,2475
5350378.12,35,1900
5350378.14,35,1790
5350378.16,35,2935
5350378.17,35,1320
5350378.18,35,1200
5350378.19,35,2425
5350378.2,35,925
5350378.21,35,1790
5350378.22,35,1735
5350378.23,35,1770
5350378.24,35,2750
5350378.25,35,3560
5350378.26,35,2375
5350378.27,35,2680
5350378.28,35,3610
5350400.02,35,3430
5350400.03,35,1645
5350400.04,35,1055
5350400.06,35,1645
5350400.07,35,1860
5350400.08,35,1315
5350400.11,35,2990
5350400.12,35,3915
5350400.13,35,2660
5350400.14,35,3200
5350400.15,35,2580
5350400.16,35,2720
5350400.17,35,1930
5350400.18,35,1285
5350400.19,35,3580
5350400.2,35,1300
5350400.21,35,1020
5350400.22,35,4085
5350400.23,35,3820
5350401.04,35,1740
5350401.05,35,1100
5350401.06,35,2540
5350401.07,35,1950
5350401.08,35,1765
5350401.09,35,4220
5350401.1,35,2650
5350401.11,35,3390
5350401.13,35,2915
5350401.14,35,3940
5350401.15,35,1250
5350401.17,35,2000
5350401.18,35,1745
5350401.19,35,3055
5350401.2,35,2235
5350401.21,35,1375
5350401.22,35,3600
5350401.23,35,930
5350402.01,35,1515
5350402.02,35,1760
5350402.03,35,1390
5350402.04,35,2650
5350402.05,35,1075
5350402.06,35,2760
5350402.07,35,1070
5350402.08,35,3090
5350402.09,35,1810
5350402.1,35,2215
5350402.12,35,2545
5350402.13,35,3055
5350403.01,35,3840
5350403.03,35,5140
5350403.04,35,2080
5350403.05,35,1665
5350403.07,35,3390
5350403.09,35,2445
5350403.1,35,2410
5350403.11,35,3475
5350403.12,35,3375
5350403.13,35,2815
5350403.14,35,3270
5350410.02,35,2415
5350410.03,35,3620
5350410.04,35,2255
5350410.05,35,3630
5350410.07,35,2010
5350410.09,35,2140
5350410.1,35,1965
5350410.11,35,1965
5350410.12,35,2900
5350410.13,35,3795
5350410.14,35,3450
5350410.15,35,1100
5350411.01,35,3100
5350411.04,35,3255
5350411.07,35,2225
5350411.08,35,1110
5350411.09,35,3345
5350411.12,35,3230
5350411.15,35,2255
5350411.16,35,3180
5350411.17,35,3050
5350411.18,35,4470
5350411.19,35,2995
5350411.2,35,9140
5350411.21,35,1395
5350411.22,35,2670
5350411.23,35,1935
5350411.24,35,3430
5350411.25,35,1835
5350411.26,35,2750
5350411.27,35,1960
5350412.01,35,3210
5350412.02,35,3585
5350412.04,35,2615
5350412.06,35,2105
5350412.08,35,1115
5350412.1,35,3150
5350412.11,35,2450
5350412.12,35,2300
5350412.13,35,2165
5350412.14,35,1950
5350412.15,35,2885
5350412.18,35,4190
5350412.19,35,4700
5350412.2,35,3120
5350412.22,35,3685
5350412.23,35,5740
5350412.24,35,4190
5350413,35,6660
5350420.03,35,3180
5350420.05,35,3055
5350420.06,35,2745
5350420.08,35,2260
5350420.09,35,2160
5350420.1,35,1850
5350420.11,35,3330
5350420.13,35,2955
5350420.14,35,3655
5350420.15,35,1340
5350421.01,35,3420
5350421.04,35,1760
5350421.05,35,2170
5350421.06,35,1900
5350421.07,35,2280
5350422.02,35,2810
5350422.03,35,3560
5350422.04,35,2165
5350422.05,35,3825
5350422.06,35,2560
5350423.01,35,1955
5350423.02,35,4020
5350424.04,35,1270
5350424.05,35,4360
5350424.07,35,3680
5350424.08,35,4045
5350424.09,35,1615
5350424.1,35,3095
5350424.11,35,3810
5350424.12,35,13440
5350424.13,35,795
5350430.02,35,5135
5350430.03,35,2480
5350430.04,35,5695
5350431.01,35,2825
5350431.02,35,3650
5350440,35,3570
5350441.02,35,2235
5350441.03,35,4155
5350441.04,35,3225
5350442.02,35,2205
5350442.03,35,3240
5350442.04,35,2260
5350442.05,35,3825
5350442.06,35,4010
5350450.02,35,1535
5350450.03,35,4195
5350450.05,35,2945
5350450.06,35,2630
5350451.01,35,1060
5350451.02,35,2445
5350451.03,35,3750
5350451.05,35,2735
5350451.06,35,3530
5350451.07,35,2700
5350452.01,35,1980
5350452.02,35,2835
5350452.03,35,3075
5350452.05,35,2290
5350452.06,35,2105
5350452.07,35,3155
5350455,35,4220
5350456.01,35,2360
5350456.02,35,3565
5350456.03,35,2675
5350460.01,35,2585
5350460.02,35,1780
5350470,35,1560
5350471,35,1750
5350472,35,3800
5350473.01,35,3390
5350473.02,35,3625
5350473.03,35,2020
5350474,35,2865
5350475,35,2835
5350480.01,35,2130
5350480.02,35,4390
5350481.01,35,2740
5350481.02,35,2645
5350482,35,3240
5350483.01,35,3035
5350483.02,35,1170
5350484.01,35,1065
5350484.02,35,3445
5350485.01,35,3200
5350485.02,35,3425
5350500.01,35,1895
5350500.02,35,2595
5350501.01,35,3205
5350501.02,35,3665
5350502.01,35,3080
5350502.02,35,1295
5350503,35,2600
5350504,35,1680
5350505.01,35,2505
5350505.02,35,2825
5350506,35,1360
5350507,35,2010
5350508,35,1790
5350509.01,35,2905
5350509.02,35,1750
5350510,35,2905
5350511.01,35,2365
5350511.02,35,2260
5350512,35,2925
5350513.01,35,3580
5350513.02,35,2865
5350513.03,35,1395
5350513.04,35,1990
5350514.01,35,1140
5350514.02,35,2325
5350515.01,35,2310
5350515.02,35,1485
5350516.01,35,3120
5350516.02,35,2805
5350516.03,35,3245
5350516.04,35,3345
5350516.05,35,3480
5350516.06,35,2480
5350516.08,35,3105
5350516.09,35,3845
5350516.11,35,2660
5350516.16,35,2415
5350516.17,35,1725
5350516.18,35,2165
5350516.2,35,3640
5350516.21,35,1685
5350516.22,35,3740
5350516.23,35,3070
5350516.24,35,2390
5350516.25,35,2040
5350516.26,35,3580
5350516.28,35,2470
5350516.29,35,2380
5350516.3,35,3140
5350516.31,35,1475
5350516.32,35,2785
5350516.37,35,2880
5350516.38,35,3245
5350516.39,35,2700
5350516.4,35,3050
5350516.41,35,2630
5350516.42,35,4210
5350516.43,35,2150
5350516.44,35,2635
5350516.45,35,5555
5350516.46,35,3860
5350516.47,35,2530
5350517,35,925
5350518,35,1890
5350519,35,2050
5350520.01,35,2550
5350520.02,35,3440
5350520.05,35,1870
5350520.07,35,2260
5350520.08,35,3445
5350520.09,35,3600
5350520.1,35,4925
5350521.01,35,2700
5350521.02,35,1965
5350521.03,35,2615
5350521.04,35,3185
5350521.05,35,2260
5350521.06,35,2270
5350522,35,2730
5350523,35,2975
5350524.01,35,2530
5350524.02,35,1800
5350525.01,35,1605
5350525.02,35,2040
5350526.01,35,2775
5350526.02,35,1610
5350527.01,35,3955
5350527.02,35,2580
5350527.03,35,3740
5350527.04,35,3210
5350527.05,35,3210
5350527.06,35,2075
5350527.07,35,2590
5350527.08,35,2425
5350527.09,35,1785
5350528.01,35,2810
5350528.02,35,3980
5350528.1,35,4410
5350528.11,35,2700
5350528.12,35,3145
5350528.13,35,1880
5350528.15,35,2195
5350528.16,35,2540
5350528.18,35,3815
5350528.19,35,2905
5350528.2,35,3110
5350528.21,35,1940
5350528.22,35,3020
5350528.24,35,2810
5350528.25,35,4060
5350528.26,35,2200
5350528.31,35,2665
5350528.32,35,2210
5350528.33,35,3475
5350528.34,35,3455
5350528.35,35,1630
5350528.36,35,3875
5350528.37,35,3370
5350528.39,35,3790
5350528.4,35,3230
5350528.41,35,3915
5350528.42,35,2635
5350528.43,35,2250
5350528.44,35,1235
5350528.45,35,2845
5350528.46,35,3395
5350528.47,35,2740
5350528.48,35,3550
5350528.49,35,2370
5350529.01,35,1810
5350529.02,35,2010
5350530.01,35,2340
5350530.02,35,1530
5350531.01,35,1745
5350531.02,35,3040
5350532.01,35,1870
5350532.02,35,1830
5350540.01,35,2810
5350540.02,35,2975
5350550.01,35,2510
5350550.02,35,4140
5350560,35,2970
5350561,35,2800
5350562.02,35,3450
5350562.03,35,2540
5350562.04,35,2385
5350562.05,35,2580
5350562.06,35,1705
5350562.07,35,2310
5350562.08,35,2385
5350562.09,35,2045
5350562.11,35,1775
5350562.12,35,3130
5350562.13,35,645
5350562.14,35,2365
5350562.15,35,1875
5350563.01,35,2765
5350563.02,35,1700
5350564.01,35,1095
5350564.02,35,2390
5350570.01,35,1390
5350570.02,35,1965
5350571.01,35,1740
5350571.02,35,1870
5350572.01,35,3355
5350572.04,35,1595
5350572.05,35,2835
5350572.07,35,2480
5350572.08,35,2640
5350572.09,35,1810
5350572.1,35,1880
5350573.03,35,3345
5350573.05,35,2810
5350573.06,35,2470
5350573.07,35,3200
5350573.09,35,3075
5350573.1,35,1610
5350573.11,35,2445
5350574,35,3180
5350575.01,35,2800
5350575.02,35,2065
5350575.03,35,3130
5350575.04,35,3435
5350575.05,35,3655
5350575.07,35,1705
5350575.08,35,2930
5350576.04,35,2585
5350576.05,35,3565
5350576.06,35,3680
5350576.07,35,2595
5350576.09,35,2190
5350576.1,35,3190
5350576.16,35,3365
5350576.17,35,3355
5350576.18,35,5565
5350576.2,35,3200
5350576.22,35,3700
5350576.24,35,4085
5350576.29,35,2150
5350576.3,35,7850
5350576.31,35,1960
5350576.32,35,4860
5350576.33,35,1725
5350576.34,35,2950
5350576.35,35,6230
5350576.36,35,4895
5350576.37,35,5975
5350576.38,35,6270
5350576.39,35,5065
5350576.4,35,3455
5350576.41,35,3845
5350576.42,35,4520
5350576.43,35,3230
5350576.44,35,1525
5350576.45,35,1440
5350576.46,35,2615
5350576.47,35,1550
5350576.48,35,4695
5350576.49,35,2330
5350576.5,35,3235
5350576.51,35,4850
5350585.02,35,3250
5350585.03,35,2695
5350585.05,35,4090
5350585.07,35,3075
5350585.08,35,1915
5350585.09,35,3065
5350585.1,35,2175
5350586.01,35,3705
5350586.02,35,1490
5350587.01,35,3305
5350587.02,35,3125
5350590,35,2505
5350591.01,35,2730
5350591.02,35,2790
5350592.01,35,3395
5350592.02,35,3335
5350593,35,3910
5350600.01,35,2945
5350600.02,35,3960
5350601,35,1830
5350602,35,2195
5350603,35,2545
5350604,35,1080
5350605,35,975
5350606,35,2340
5350607,35,1680
5350608,35,1330
5350609,35,1285
5350610.02,35,4690
5350610.03,35,1910
5350610.04,35,1200
5350611,35,2520
5350612.03,35,3285
5350612.05,35,3030
5350612.07,35,4595
5350612.08,35,2960
5350612.11,35,3210
5350612.12,35,4030
5350612.13,35,2035
5350612.14,35,2430
5350612.15,35,3070
5350612.18,35,2250
5350612.19,35,2030
5350612.2,35,2340
5350612.21,35,3045
5350612.22,35,2970
5350612.23,35,2270
5350612.24,35,3650
5350612.25,35,2915
5350613.01,35,2345
5350613.03,35,2175
5350613.04,35,2225
5350614.01,35,1820
5350614.02,35,2115
5350615,35,185
5350620.01,35,4305
5350620.02,35,4965
5350620.04,35,13300
5350620.05,35,2245
5350620.06,35,3270
5350620.07,35,2540
5350621,35,2980
5350622,35,3500
5350623,35,1650
5350624,35,3210
5350625,35,195
5350626,35,3205
5350630,35,1670
5350631.02,35,2375
5350631.03,35,2630
5350631.04,35,2545
5350632,35,2465
5350633,35,1710
5350634.01,35,2470
5350634.02,35,2120
5350635,35,3235
5350636,35,1535
5350637,35,3610
5350638,35,3220
5350639,35,2370
5350800.01,35,1485
5350800.02,35,2305
5350801.01,35,1995
5350801.02,35,3260
5350802.01,35,2145
5350802.02,35,2830
5350803.03,35,2915
5350803.04,35,3025
5350803.05,35,3465
5350803.06,35,3310
5350804.01,35,4075
5350804.05,35,3695
5350804.06,35,1770
5350804.07,35,1730
5350804.08,35,2020
5350804.1,35,2125
5350804.11,35,2820
5350804.12,35,1770
5350804.13,35,2690
5350805.02,35,2635
5350805.04,35,3655
5350805.05,35,3130
5350805.06,35,2980
5350805.08,35,5995
5350805.09,35,2860
5350805.1,35,3770
5350805.12,35,3285
5350805.13,35,5990
5350806,35,880
5350807,35,1205
5350810.01,35,1810
5350810.02,35,1215
5350810.03,35,1570
5350810.04,35,3065
5350810.05,35,2215
5350811,35,1795
5350812,35,3250
5350820.01,35,2710
5350820.02,35,3345
5350820.03,35,2290
5350831.01,35,3170
5350831.02,35,3265
5350832,35,2270
5370000,35,348815
5370001.01,35,965
5370001.02,35,2695
5370001.04,35,2980
5370001.05,35,2040
5370001.06,35,2850
5370001.07,35,1640
5370001.08,35,2795
5370001.09,35,2185
5370002.01,35,2655
5370002.03,35,1485
5370002.04,35,2370
5370002.05,35,3155
5370002.06,35,1130
5370003.01,35,2210
5370003.02,35,1445
5370003.03,35,1140
5370003.04,35,2280
5370004.01,35,1380
5370004.02,35,1840
5370005.01,35,2495
5370005.02,35,1670
5370005.03,35,1775
5370006,35,2095
5370007,35,1375
5370008,35,950
5370009,35,1510
5370010,35,1435
5370011,35,1185
5370013,35,1280
5370014,35,1195
5370015,35,695
5370016,35,155
5370017,35,1825
5370019,35,2070
5370020,35,2110
5370021,35,2445
5370022,35,2450
5370023,35,1210
5370024,35,1315
5370025,35,1275
5370026.01,35,1255
5370026.02,35,530
5370026.03,35,1095
5370026.04,35,680
5370026.05,35,1730
5370026.06,35,2475
5370027,35,545
5370028,35,1410
5370029,35,2135
5370030,35,2180
5370031,35,1125
5370033,35,1525
5370034,35,2535
5370035,35,1505
5370036,35,1380
5370037,35,1010
5370038,35,1570
5370039,35,2580
5370040,35,1185
5370041,35,990
5370042,35,1430
5370043,35,1715
5370044,35,1950
5370045,35,1450
5370046,35,1410
5370047,35,1335
5370048,35,750
5370049,35,610
5370051,35,1275
5370054,35,1125
5370055,35,1555
5370056,35,1525
5370060,35,1045
5370061,35,1045
5370065,35,1000
5370066,35,2195
5370069,35,360
5370070,35,1050
5370071,35,2545
5370072.01,35,65
5370072.02,35,1280
5370072.03,35,2390
5370072.04,35,1690
5370073,35,685
5370080.01,35,1380
5370080.03,35,2355
5370080.05,35,3380
5370080.06,35,2975
5370080.07,35,1085
5370081,35,1075
5370082,35,1475
5370083,35,1080
5370084.01,35,1225
5370084.02,35,1560
5370084.03,35,900
5370084.04,35,845
5370084.05,35,1310
5370085.01,35,2215
5370085.02,35,3595
5370085.03,35,2020
5370086,35,4345
5370100,35,6570
5370101.01,35,2755
5370120.01,35,4700
5370120.02,35,1265
5370122.01,35,3020
5370122.02,35,3550
5370123,35,3660
5370124,35,1935
5370130.02,35,1870
5370130.03,35,1530
5370131,35,2305
5370132,35,1400
5370133.01,35,1635
5370133.02,35,2840
5370140.02,35,3920
5370140.03,35,3590
5370140.04,35,1945
5370141,35,2120
5370142.01,35,2370
5370142.02,35,2015
5370143,35,2125
5370144.01,35,2855
5370144.02,35,1090
5370200,35,1285
5370201,35,1880
5370202,35,2450
5370203,35,1315
5370204,35,2780
5370205.01,35,1750
5370205.02,35,2130
5370206,35,2025
5370207.01,35,3480
5370207.02,35,3480
5370207.03,35,2160
5370207.04,35,1330
5370208,35,1620
5370209,35,855
5370210,35,1090
5370211,35,1670
5370212,35,800
5370213,35,2075
5370214,35,1325
5370215,35,1460
5370216,35,1950
5370217.01,35,2395
5370217.02,35,1830
5370218,35,3675
5370219,35,2295
5370220,35,2770
5370221,35,1750
5370222.02,35,2245
5370222.03,35,2460
5370223.01,35,1475
5370223.02,35,2765
5370223.05,35,1830
5370223.06,35,2380
5370223.07,35,2570
5370223.09,35,4245
5370223.1,35,2390
5370223.12,35,3940
5370223.13,35,2270
5370223.14,35,2140
5370223.15,35,1295
5370223.16,35,1260
5370224,35,6125
5370300,35,1030
5370301,35,3395
5370302,35,2445
5370303.01,35,2070
5370303.02,35,3765
5390000,35,182405
5390001,35,2190
5390002,35,2700
5390003.02,35,4345
5390004.01,35,1900
5390004.02,35,1735
5390005,35,1435
5390006,35,945
5390007.01,35,2005
5390007.02,35,2780
5390008,35,1165
5390009,35,2995
5390010,35,1865
5390011,35,3425
5390012.01,35,1865
5390012.02,35,2740
5390013.01,35,2075
5390013.02,35,1970
5390014.01,35,1185
5390014.02,35,2465
5390014.03,35,1525
5390016.01,35,2295
5390016.02,35,2155
5390017.01,35,1845
5390017.02,35,2070
5390018.01,35,2120
5390018.02,35,2040
5390018.03,35,2035
5390019,35,650
5390020,35,395
5390100,35,1255
5390101,35,2535
5390102.01,35,2525
5390102.02,35,1635
5390102.03,35,675
5390110,35,1410
5390111,35,3190
5390112,35,2160
5390200,35,1535
5390201,35,2295
5390203.01,35,2315
5390203.02,35,1765
5390204,35,3045
5390205,35,710
5390206,35,2305
5390207,35,2580
5390208,35,2740
5390209.03,35,2445
5390209.04,35,1670
5390209.05,35,3490
5390209.06,35,1370
5390210,35,2825
5390211,35,2165
5390212,35,755
5390213,35,1500
5390214,35,2240
5390215,35,1775
5390220.01,35,2805
5390220.02,35,2310
5390221,35,3000
5390230,35,2955
5390240,35,3415
5390241,35,1445
5390242.01,35,3810
5390242.02,35,2180
5390300,35,675
5390301,35,2245
5390302,35,1430
5390303,35,735
5390304,35,1675
5390305,35,530
5390307,35,1925
5390308,35,815
5390309,35,1220
5390310.01,35,1085
5390310.02,35,2630
5390311.02,35,2775
5390311.03,35,2385
5390311.04,35,1530
5390321,35,1975
5390322,35,1330
5390323,35,1505
5390330,35,1895
5390331.01,35,2380
5390331.02,35,1440
5390332,35,1935
5390333,35,1490
5390334.01,35,2610
5390334.02,35,2080
5410000,35,248170
5410001.01,35,3395
5410001.03,35,2400
5410001.04,35,3200
5410002.01,35,1355
5410002.02,35,3120
5410002.03,35,1575
5410002.04,35,2405
5410002.06,35,1750
5410002.07,35,3635
5410002.09,35,2595
5410002.1,35,5345
5410002.11,35,3800
5410003,35,2240
5410004.01,35,3005
5410004.02,35,3375
5410005,35,3280
5410006,35,695
5410007,35,3575
5410008.01,35,2525
5410008.02,35,1745
5410008.04,35,2590
5410008.05,35,2135
5410008.06,35,1700
5410009.01,35,2885
5410009.02,35,2965
5410009.04,35,3035
5410009.05,35,3320
5410010,35,2640
5410011,35,2000
5410012,35,1105
5410013,35,1715
5410014.02,35,2430
5410014.03,35,3845
5410014.04,35,1635
5410014.05,35,5895
5410015,35,2550
5410016,35,2965
5410017,35,1290
5410018,35,975
5410019,35,1795
5410020,35,1420
5410021,35,2625
5410022,35,500
5410023,35,1750
5410024,35,2405
5410025,35,1595
5410100,35,2740
5410101.01,35,1475
5410101.02,35,130
5410101.03,35,3185
5410101.04,35,1700
5410102,35,1450
5410103,35,1825
5410104,35,3255
5410105,35,530
5410106.02,35,1580
5410107.01,35,2535
5410107.02,35,2985
5410108.02,35,3705
5410108.03,35,1480
5410108.04,35,2895
5410109.01,35,3225
5410109.02,35,3640
5410109.05,35,3730
5410109.06,35,6425
5410109.07,35,2220
5410110,35,2475
5410111.03,35,4235
5410111.04,35,1695
5410111.05,35,2280
5410111.06,35,2170
5410120.01,35,4160
5410120.02,35,3660
5410121,35,2425
5410122.01,35,2935
5410122.02,35,2430
5410123.01,35,2530
5410123.02,35,1485
5410124,35,1470
5410125,35,2655
5410126.01,35,1935
5410126.02,35,1740
5410126.05,35,665
5410126.06,35,3975
5410126.07,35,4370
5410126.08,35,2525
5410126.09,35,1520
5410127.01,35,2775
5410127.02,35,2160
5410128,35,940
5410129.01,35,1705
5410129.02,35,2095
5410130,35,4250
5410131.01,35,1940
5410131.03,35,3120
5410131.05,35,2340
5410131.06,35,2400
5410140.01,35,2570
5410140.02,35,2500
5430000,35,65435
5430001,35,3195
5430002.01,35,2640
5430002.02,35,1655
5430002.03,35,2820
5430003,35,2335
5430004,35,510
5430005,35,1575
5430009,35,2285
5430010,35,2055
5430011.01,35,1320
5430011.02,35,2000
5430011.03,35,2780
5430012,35,2780
5430013,35,2410
5430014.01,35,2975
5430014.02,35,3335
5430014.03,35,2665
5430014.04,35,2240
5430100,35,1745
5430101,35,1760
5430102,35,360
5430110.01,35,3405
5430110.02,35,2715
5430200,35,1040
5430201,35,3685
5430202,35,4050
5500000,35,74830
5500001.02,35,3835
5500001.03,35,1480
5500001.05,35,2155
5500001.06,35,3825
5500001.07,35,1510
5500001.08,35,1345
5500001.09,35,5395
5500002,35,2140
5500003,35,2210
5500004.01,35,970
5500004.02,35,4335
5500004.03,35,2730
5500005,35,2895
5500006,35,760
5500007,35,2300
5500008,35,1710
5500009.03,35,2015
5500009.04,35,3035
5500009.05,35,2825
5500009.06,35,2405
5500010.01,35,2430
5500010.02,35,1060
5500011,35,2990
5500012,35,1905
5500013.01,35,1700
5500013.02,35,2950
5500014,35,2535
5500015,35,1370
5500100,35,4140
5500101,35,3875
5550000,35,231750
5550001.02,35,2080
5550001.03,35,1795
5550001.05,35,1995
5550001.06,35,2435
5550001.07,35,2140
5550001.08,35,1450
5550002.01,35,1630
5550002.02,35,1330
5550002.03,35,955
5550002.04,35,1010
5550003,35,295
5550004.01,35,2460
5550004.03,35,1835
5550004.04,35,2095
5550005.01,35,2490
5550005.02,35,1820
5550005.03,35,2330
5550006.01,35,1935
5550006.02,35,2925
5550006.04,35,3280
5550006.05,35,1620
5550007.01,35,3470
5550007.02,35,1400
5550008,35,2940
5550009.01,35,2005
5550009.02,35,3360
5550010.01,35,1345
5550010.02,35,2465
5550011,35,2195
5550012,35,2750
5550013,35,1960
5550015,35,1060
5550016,35,1225
5550017,35,2115
5550018,35,2725
5550019,35,425
5550020.01,35,2745
5550020.02,35,4465
5550021,35,2140
5550022,35,2955
5550023,35,1120
5550024,35,1830
5550025,35,2155
5550026,35,3115
5550027.03,35,1825
5550027.04,35,2360
5550027.05,35,600
5550027.06,35,2305
5550027.07,35,2060
5550028,35,1335
5550029,35,1315
5550030,35,1970
5550031,35,610
5550032,35,1800
5550033,35,2535
5550034,35,2215
5550035,35,130
5550036,35,2215
5550037,35,1900
5550038,35,1735
5550039,35,2210
5550040,35,1255
5550041,35,1445
5550042,35,2090
5550043,35,1615
5550044.01,35,1820
5550044.02,35,1640
5550044.04,35,1225
5550044.05,35,3110
5550044.06,35,3060
5550044.07,35,1705
5550045,35,430
5550046,35,2640
5550047,35,2425
5550048,35,2765
5550049.01,35,3160
5550049.02,35,4850
5550050.01,35,3725
5550050.02,35,1980
5550050.03,35,1560
5550051,35,2575
5550100.01,35,2650
5550100.02,35,2675
5550110.01,35,3300
5550110.02,35,4470
5550120.01,35,2250
5550120.02,35,1515
5550120.03,35,3160
5550130,35,1820
5550140,35,1335
5550150,35,3600
5550200,35,3625
5550201,35,1085
5550202,35,1160
5550203,35,1655
5550204.01,35,1740
5550204.02,35,2260
5550205,35,1300
5550207,35,2905
5550210,35,2865
5550220,35,3660
5550230,35,2455
5550231,35,2730
5550232,35,2490
5550233,35,1195
5550234,35,3475
5550300,35,1570
5590000,35,138080
5590001,35,2515
5590002.01,35,3415
5590002.02,35,2860
5590003.01,35,2990
5590003.02,35,1325
5590004,35,3395
5590005,35,1735
5590006,35,2070
5590007,35,590
5590008,35,165
5590009,35,1705
5590010,35,1915
5590011.01,35,2015
5590011.02,35,1700
5590012,35,40
5590014,35,1030
5590015,35,2130
5590016,35,1735
5590017,35,2080
5590018.02,35,1720
5590018.03,35,1265
5590018.04,35,1405
5590019.01,35,2100
5590019.03,35,3790
5590019.04,35,1830
5590019.05,35,1610
5590020,35,1990
5590021,35,2130
5590023,35,1085
5590024,35,1485
5590026,35,1405
5590028,35,1190
5590029,35,805
5590030,35,935
5590032,35,1515
5590033,35,1135
5590034,35,1340
5590035,35,950
5590036,35,925
5590037,35,1390
5590038,35,450
5590039,35,1280
5590040,35,1560
5590041,35,3090
5590042,35,2665
5590043.01,35,2220
5590043.02,35,2445
5590100.01,35,2415
5590100.02,35,3275
5590101.01,35,1880
5590101.03,35,1710
5590101.04,35,2125
5590102,35,2805
5590110,35,3380
5590120.01,35,3835
5590120.02,35,1735
5590120.03,35,2835
5590130.01,35,4650
5590130.02,35,2900
5590140,35,2085
5590160.01,35,2140
5590160.02,35,2285
5590170.01,35,2715
5590170.02,35,1315
5590171,35,2365
5590172,35,1785
5590173,35,2300
5590174,35,2440
5620000,35,39415
5620001,35,245
5620002,35,810
5620003,35,1960
5620004,35,1405
5620005,35,1025
5620006,35,1700
5620007,35,795
5620008,35,1200
5620009,35,2235
5620010,35,1595
5620011,35,1435
5620012,35,1425
5620013,35,1995
5620100,35,930
5620101.01,35,2000
5620101.02,35,1105
5620101.03,35,2525
5620102.01,35,1485
5620102.02,35,2195
5620102.03,35,3190
5620102.04,35,1285
5620110.01,35,3045
5620110.02,35,825
5620110.03,35,2990
5680000,35,94525
5680001.01,35,3635
5680001.02,35,3320
5680001.04,35,2755
5680001.05,35,2120
5680001.06,35,520
5680001.07,35,3375
5680002,35,620
5680003,35,855
5680004.01,35,2575
5680004.03,35,1940
5680004.04,35,3050
5680004.05,35,2685
5680004.06,35,2925
5680004.07,35,1520
5680005,35,3240
5680006,35,1280
5680007,35,1500
5680008,35,3055
5680009,35,3195
5680010,35,1965
5680011.01,35,3210
5680011.02,35,1015
5680012.01,35,1705
5680012.02,35,3060
5680013,35,3255
5680014,35,2435
5680015.01,35,1975
5680015.02,35,990
5680015.03,35,1880
5680016,35,2635
5680100,35,2350
5680101,35,2625
5680102,35,2475
5680103.01,35,3490
5680103.02,35,4480
5680104,35,1175
5680200,35,2745
5680201,35,3050
5680202,35,3865
5750000,35,30440
5750001,35,130
5750002,35,3045
5750003,35,1740
5750004,35,980
5750005,35,440
5750006,35,1100
5750007,35,1060
5750008,35,2130
5750009,35,1080
5750010,35,925
5750011,35,2130
5750012,35,2295
5750013,35,1400
5750014,35,2330
5750015,35,1345
5750016,35,1600
5750017,35,1585
5750100,35,1865
5750101,35,2230
5800000,35,77275
5800001.01,35,3095
5800001.02,35,1160
5800001.03,35,2745
5800001.05,35,1120
5800001.06,35,3045
5800002,35,2095
5800003,35,1850
5800004,35,2590
5800005,35,925
5800006,35,2015
5800007,35,3215
5800008,35,1840
5800009,35,2530
5800010,35,1175
5800011,35,990
5800012,35,910
5800013,35,210
5800014,35,1385
5800015,35,1235
5800016.01,35,1055
5800016.02,35,2070
5800017.01,35,2130
5800017.02,35,1715
5800100,35,940
5800101,35,3540
5800102,35,2350
5800130,35,1440
5800131,35,2385
5800132,35,1455
5800140,35,2150
5800160,35,1855
5800161.01,35,1790
5800162,35,2260
5800190,35,2020
5800191,35,3135
5800192,35,3350
5800193.01,35,1205
5800193.02,35,1305
5800193.03,35,1160
5800194,35,1415
5900000,35,35870
5900001.01,35,2270
5900001.02,35,1270
5900002,35,1005
5900003,35,1765
5900004,35,2235
5900005,35,1255
5900006,35,785
5900007,35,650
5900008,35,535
5900009,35,2030
5900010,35,1805
5900011,35,2440
5900012,35,1025
5900013,35,1365
5900014,35,1105
5900015,35,2735
5900016,35,2915
5900017,35,2885
5900018.01,35,1185
5900018.02,35,2240
5900100,35,380
5950000,35,57430
5950001,35,700
5950002,35,1815
5950003,35,2375
5950004,35,1825
5950005,35,2270
5950007,35,2005
5950008,35,2035
5950009.01,35,1455
5950009.02,35,2280
5950010.01,35,660
5950010.02,35,1495
5950011.01,35,575
5950011.02,35,1480
5950011.03,35,1760
5950012,35,935
5950013,35,1570
5950014,35,1465
5950015,35,1280
5950016,35,1685
5950017,35,1525
5950018,35,2200
5950019,35,1405
5950020,35,225
5950021,35,2395
5950022.03,35,1245
5950022.04,35,2065
5950022.05,35,1315
5950022.06,35,3365
5950023.01,35,1700
5950023.02,35,3335
5950100.01,35,1330
5950100.03,35,1980
5950100.04,35,2000
5950101,35,1440
6020000,46,382270
6020001,46,2280
6020002,46,2890
6020003,46,2985
6020004.01,46,2625
6020004.02,46,1840
6020005,46,2830
6020006,46,2930
6020007,46,1865
6020008,46,1650
6020009,46,1925
6020010,46,3210
6020011,46,3840
6020012,46,3035
6020014,46,3705
6020015,46,3100
6020016,46,1465
6020017,46,1900
6020018,46,1540
6020019,46,1795
6020020,46,1330
6020021,46,2835
6020022,46,1895
6020023,46,1905
6020024,46,380
6020025,46,960
6020027,46,525
6020028,46,2260
6020029,46,2545
6020030,46,2180
6020031,46,1160
6020032,46,2620
6020034,46,595
6020035,46,585
6020036,46,270
6020037,46,1910
6020038,46,2515
6020039,46,1930
6020040,46,1190
6020041,46,1890
6020042,46,940
6020043,46,1370
6020044,46,1045
6020045,46,2565
6020046,46,1070
6020047,46,2415
6020048,46,2745
6020049,46,1405
6020050.01,46,1185
6020050.02,46,1865
6020051.01,46,2280
6020051.02,46,3890
6020051.03,46,3210
6020100.01,46,3630
6020100.02,46,925
6020100.05,46,2670
6020100.06,46,2235
6020100.07,46,2655
6020100.08,46,4305
6020101.01,46,2900
6020101.02,46,2385
6020102.01,46,2735
6020102.02,46,1835
6020102.03,46,1575
6020102.04,46,2355
6020103,46,1830
6020104,46,1850
6020105,46,1820
6020110.01,46,565
6020110.02,46,2765
6020110.04,46,2610
6020110.06,46,3885
6020110.07,46,3760
6020111,46,2100
6020112.01,46,1795
6020112.02,46,2510
6020113,46,1405
6020114,46,1850
6020115,46,1715
6020116,46,2680
6020117,46,1250
6020120.01,46,2515
6020120.02,46,4010
6020120.03,46,1740
6020121,46,1060
6020122.01,46,2665
6020122.02,46,2105
6020123,46,2705
6020130.01,46,2590
6020130.02,46,2955
6020131,46,2115
6020132,46,1500
6020133,46,2180
6020134,46,2495
6020140.01,46,3050
6020140.02,46,4365
6020140.03,46,4715
6020141.01,46,1695
6020141.02,46,1950
6020142.01,46,1985
6020142.02,46,3055
6020142.03,46,1400
6020142.04,46,1405
6020150.01,46,2530
6020150.02,46,2530
6020160,46,4040
6020500.01,46,3390
6020500.02,46,3265
6020500.04,46,3370
6020500.06,46,4535
6020500.07,46,2675
6020500.08,46,2725
6020500.09,46,1895
6020501.01,46,1920
6020501.02,46,3295
6020501.03,46,2960
6020502,46,1180
6020503,46,1970
6020510.02,46,3635
6020510.03,46,2245
6020510.06,46,3620
6020520.02,46,1070
6020520.03,46,3375
6020520.04,46,1450
6020520.05,46,395
6020521.01,46,2255
6020521.02,46,1495
6020522.01,46,2450
6020522.02,46,2950
6020530,46,1020
6020531,46,3165
6020532,46,510
6020533,46,2205
6020534,46,2145
6020535,46,2020
6020536,46,3555
6020537.01,46,1410
6020537.02,46,1660
6020537.03,46,1285
6020538,46,1065
6020539.01,46,1775
6020539.02,46,2165
6020540.01,46,1140
6020540.02,46,1730
6020540.03,46,2780
6020540.04,46,1255
6020541,46,110
6020542,46,1170
6020550,46,1515
6020551,46,3155
6020552.01,46,2385
6020552.02,46,1860
6020553,46,2140
6020560.01,46,2985
6020560.02,46,3505
6020560.04,46,3265
6020560.05,46,1610
6020560.06,46,4640
6020560.07,46,4285
6020570,46,2860
6020580,46,695
6020585,46,695
6020590.02,46,2655
6020590.03,46,4110
6020590.04,46,855
6020595.01,46,3690
6020595.02,46,1930
6020600,46,3155
6020700,46,3520
7050000,47,117525
7050001.01,47,1835
7050001.02,47,2295
7050002.01,47,2170
7050002.02,47,3115
7050003,47,3080
7050004,47,1310
7050005,47,2645
7050006,47,3570
7050007,47,780
7050008.01,47,3275
7050008.02,47,1695
7050009.01,47,2185
7050009.02,47,2470
7050010,47,1380
7050011,47,1955
7050012,47,3130
7050013,47,235
7050014,47,685
7050015,47,1175
7050016,47,3445
7050017,47,1235
7050018,47,2085
7050019,47,2110
7050020,47,1945
7050021,47,1360
7050022.01,47,590
7050022.02,47,2720
7050023.01,47,1735
7050023.02,47,2350
7050024,47,1590
7050025.01,47,2100
7050025.02,47,1485
7050026,47,1820
7050027,47,1710
7050028.01,47,1640
7050028.02,47,2130
7050028.03,47,2590
7050100.01,47,2315
7050100.02,47,2010
7050100.03,47,3560
7050100.04,47,4565
7050100.05,47,1495
7050100.08,47,3035
7050100.09,47,3960
7050100.1,47,4385
7050100.11,47,1390
7050100.12,47,3270
7050100.13,47,3770
7050101.01,47,2810
7250000,47,143315
7250001,47,2895
7250002.01,47,1620
7250002.02,47,4220
7250003,47,3115
7250004,47,3095
7250005,47,3365
7250006.01,47,2360
7250006.02,47,1710
7250006.03,47,3095
7250006.04,47,2830
7250008,47,1280
7250009,47,2875
7250010,47,3920
7250011.01,47,1835
7250011.02,47,1920
7250011.03,47,1790
7250012.01,47,2775
7250012.02,47,2680
7250012.03,47,1895
7250012.06,47,4490
7250012.07,47,3385
7250012.08,47,2490
7250012.09,47,2045
7250013.01,47,3120
7250013.02,47,3755
7250013.04,47,2765
7250013.05,47,4980
7250013.06,47,2480
7250013.07,47,1920
7250014,47,2580
7250015,47,2750
7250016,47,965
7250017,47,1920
7250018.01,47,1790
7250018.02,47,2165
7250018.03,47,3520
7250018.04,47,4035
7250018.05,47,2645
7250019,47,1450
7250020,47,2585
7250021.01,47,2190
7250021.02,47,2925
7250021.03,47,2765
7250021.04,47,2705
7250021.05,47,3385
7250100.01,47,2430
7250101,47,3015
7250102.01,47,5390
7250102.02,47,4400
7250103,47,1780
7250104,47,1245
7250105,47,2795
7250110,47,420
8050000,48,36850
8050001,48,1020
8050003.01,48,2090
8050003.02,48,3975
8050004,48,525
8050005.01,48,990
8050005.02,48,1915
8050006,48,2115
8050007,48,2870
8050008,48,1415
8050009,48,2105
8050010,48,2235
8050011,48,1080
8050012.01,48,1970
8050012.02,48,3135
8050013,48,1945
8050014,48,2715
8050200,48,3685
8100000,48,55550
8100001,48,1595
8100002,48,2300
8100003,48,2110
8100004,48,1600
8100005,48,2310
8100006,48,1865
8100007,48,250
8100008,48,1640
8100009,48,1350
8100010,48,30
8100011,48,2430
8100013,48,2320
8100014,48,2070
8100015,48,1685
8100016,48,3815
8100017.01,48,2550
8100017.02,48,2875
8100017.03,48,1590
8100018,48,2335
8100019,48,1815
8100020.01,48,3280
8100020.02,48,2065
8100100.02,48,2270
8100101,48,430
8100103,48,1005
8100104,48,3585
8100105,48,135
8250000,48,683190
8250001.01,48,3230
8250001.02,48,3305
8250001.03,48,1340
8250001.04,48,3595
8250001.05,48,1510
8250001.06,48,2005
8250001.07,48,3575
8250001.08,48,2900
8250001.09,48,3450
8250001.1,48,1720
8250001.11,48,2790
8250001.13,48,2805
8250001.14,48,1475
8250001.17,48,2785
8250001.22,48,2695
8250001.23,48,1990
8250001.25,48,3830
8250001.26,48,3200
8250001.28,48,2660
8250001.29,48,2540
8250001.3,48,3675
8250001.31,48,4080
8250001.32,48,3020
8250001.33,48,1600
8250001.34,48,1610
8250001.35,48,2520
8250001.36,48,3720
8250001.37,48,2680
8250001.38,48,3315
8250001.39,48,3665
8250002.02,48,3885
8250002.04,48,200
8250002.06,48,2245
8250002.07,48,3150
8250002.08,48,3095
8250002.09,48,2275
8250002.1,48,2350
8250002.11,48,2370
8250002.12,48,1120
8250002.14,48,1855
8250002.15,48,2680
8250002.16,48,4955
8250002.17,48,1350
8250002.18,48,3005
8250002.19,48,4520
8250002.2,48,4615
8250002.21,48,3930
8250002.22,48,2925
8250002.23,48,3315
8250003,48,1920
8250004,48,1600
8250005,48,1100
8250006,48,3205
8250007.01,48,3750
8250007.02,48,3685
8250007.03,48,3245
8250007.04,48,2680
8250008,48,1850
8250009,48,1570
8250010,48,4355
8250011,48,1785
8250012,48,2250
8250013,48,2820
8250014,48,2615
8250015,48,1795
8250016,48,2390
8250017.01,48,2545
8250017.03,48,1875
8250017.04,48,2535
8250017.05,48,1785
8250017.06,48,2710
8250018,48,2815
8250019,48,2740
8250020,48,2800
8250021,48,2510
8250022,48,3575
8250023,48,2475
8250024,48,3900
8250025,48,3355
8250026,48,2355
8250027,48,4675
8250028,48,2060
8250029,48,3895
8250030,48,2910
8250031,48,6105
8250032,48,1495
8250033.01,48,1990
8250033.02,48,2965
8250034,48,2315
8250035.01,48,3115
8250035.02,48,1290
8250036.01,48,1775
8250036.02,48,1630
8250037,48,1760
8250038.02,48,2090
8250038.03,48,1930
8250038.04,48,3045
8250038.05,48,2770
8250038.06,48,3345
8250038.07,48,2410
8250038.08,48,2370
8250038.1,48,2680
8250038.11,48,3065
8250038.12,48,2580
8250038.13,48,2800
8250038.14,48,3010
8250038.15,48,3395
8250038.17,48,3125
8250038.18,48,3050
8250038.2,48,3575
8250038.21,48,2755
8250038.22,48,2440
8250038.23,48,2540
8250038.24,48,3080
8250038.25,48,2615
8250038.27,48,3150
8250038.28,48,2245
8250038.29,48,4230
8250038.3,48,2735
8250038.31,48,4250
8250038.32,48,3835
8250038.33,48,4130
8250038.34,48,3840
8250039,48,3290
8250040,48,3410
8250041,48,2840
8250042,48,1035
8250043,48,3070
8250044,48,4725
8250045,48,5430
8250046.01,48,4270
8250046.02,48,3005
8250047,48,2735
8250048,48,2725
8250049.01,48,2200
8250049.02,48,3430
8250049.03,48,4560
8250050.01,48,2055
8250050.06,48,3355
8250050.07,48,1565
8250050.08,48,3075
8250050.09,48,3190
8250050.1,48,2890
8250050.11,48,1965
8250050.12,48,3100
8250050.13,48,1500
8250050.14,48,2245
8250051,48,3065
8250052.01,48,2430
8250052.02,48,2180
8250052.03,48,1710
8250052.04,48,2245
8250052.06,48,2385
8250052.07,48,2370
8250052.09,48,3075
8250052.1,48,2560
8250052.11,48,2635
8250052.12,48,1930
8250053,48,2865
8250054,48,1885
8250055,48,1435
8250056,48,3240
8250057,48,3020
8250058,48,4260
8250059,48,4555
8250060,48,2950
8250061,48,1605
8250062,48,2985
8250063,48,2380
8250064,48,3385
8250065,48,1885
8250066.01,48,1615
8250066.02,48,2965
8250067,48,1010
8250068,48,1380
8250069,48,1195
8250070,48,1350
8250071,48,1900
8250072,48,3495
8250073,48,1125
8250074,48,1975
8250075.01,48,1675
8250075.02,48,2295
8250076.01,48,1455
8250076.02,48,1565
8250076.03,48,2315
8250076.04,48,2225
8250076.05,48,1725
8250076.06,48,2575
8250076.09,48,2655
8250076.12,48,4140
8250076.13,48,3865
8250076.14,48,3600
8250076.15,48,1360
8250076.16,48,3345
8250076.17,48,4930
8250076.18,48,4275
8250076.19,48,1980
8250076.2,48,2225
8250076.21,48,2290
8250076.22,48,2610
8250076.23,48,2515
8250076.24,48,3260
8250077.01,48,1260
8250077.02,48,3115
8250077.03,48,1735
8250077.04,48,3095
8250077.05,48,2625
8250077.06,48,2285
8250077.13,48,2150
8250077.14,48,2415
8250077.16,48,3645
8250077.17,48,2740
8250077.19,48,3035
8250077.2,48,3055
8250077.21,48,2970
8250077.22,48,2660
8250077.23,48,3275
8250077.24,48,2615
8250077.25,48,3055
8250077.26,48,3070
8250077.27,48,2400
8250077.28,48,1800
8250077.29,48,2365
8250077.3,48,2690
8250077.31,48,2025
8250077.32,48,2320
8250200.02,48,520
8250200.03,48,1405
8250200.05,48,2095
8250200.06,48,2865
8250201.01,48,3190
8250201.02,48,2205
8250202,48,3760
8250203,48,2115
8250204.01,48,3345
8250204.04,48,5035
8250204.05,48,3715
8250205.01,48,3800
8250205.02,48,1835
8250205.03,48,4210
8250206.02,48,1980
8250206.03,48,7555
8250206.04,48,5140
8250206.05,48,3335
8250207.01,48,2915
8250207.02,48,3375
8300000,48,49740
8300001.01,48,1135
8300001.02,48,4000
8300001.03,48,3395
8300001.04,48,3545
8300002,48,1360
8300003,48,2805
8300005,48,1400
8300006,48,2175
8300007,48,1775
8300008.01,48,2095
8300008.02,48,1965
8300008.03,48,2090
8300009,48,2240
8300010,48,2045
8300012,48,3015
8300013,48,2240
8300014,48,920
8300015,48,1750
8300016.01,48,2040
8300016.02,48,2330
8300016.03,48,2180
8350000,48,645810
8350001.02,48,1560
8350001.03,48,2580
8350001.04,48,730
8350001.05,48,3050
8350001.06,48,2400
8350001.07,48,2670
8350002.01,48,1960
8350002.02,48,1960
8350002.03,48,1460
8350002.04,48,2405
8350002.05,48,1350
8350003,48,2490
8350004.01,48,590
8350004.02,48,2370
8350005.01,48,1040
8350005.02,48,2315
8350005.05,48,2370
8350005.07,48,2375
8350005.08,48,1545
8350005.09,48,2050
8350005.1,48,2370
8350005.11,48,2335
8350006.03,48,2135
8350006.04,48,1400
8350006.05,48,3320
8350006.06,48,3265
8350006.08,48,3745
8350006.09,48,3160
8350006.11,48,1710
8350006.13,48,2795
8350006.14,48,1020
8350006.15,48,2540
8350006.16,48,1200
8350006.17,48,3610
8350006.18,48,1860
8350007.01,48,1920
8350007.02,48,3805
8350008.01,48,860
8350008.02,48,1500
8350009,48,2435
8350010,48,2165
8350011,48,3530
8350012.01,48,2575
8350012.02,48,1550
8350013,48,2735
8350014,48,2725
8350015.02,48,1835
8350016.02,48,1670
8350017,48,2075
8350018,48,35
8350019.01,48,75
8350019.02,48,1905
8350020,48,3770
8350021,48,4115
8350022,48,3345
8350023,48,2795
8350024.01,48,740
8350024.02,48,1405
8350025,48,1960
8350026.01,48,1780
8350026.02,48,1500
8350027,48,3595
8350028,48,3735
8350029,48,3435
8350030,48,3325
8350031,48,3450
8350032.01,48,3420
8350032.02,48,3175
8350033.01,48,3160
8350033.02,48,3160
8350034,48,3775
8350035,48,2170
8350036,48,1885
8350037,48,2135
8350038,48,1720
8350039,48,2880
8350040,48,2265
8350041,48,1930
8350042.01,48,1495
8350042.02,48,1695
8350043,48,1735
8350044,48,3120
8350045,48,810
8350046,48,2925
8350047,48,4145
8350048,48,2235
8350049,48,2100
8350050,48,2240
8350051.01,48,1100
8350052.02,48,1250
8350053,48,3395
8350054,48,1600
8350055,48,1800
8350056,48,1875
8350057,48,1270
8350058,48,2880
8350059,48,3365
8350060.01,48,1245
8350060.02,48,1770
8350061,48,1790
8350062,48,1620
8350063,48,2315
8350064.01,48,1125
8350065.01,48,1570
8350065.02,48,1740
8350066.01,48,1300
8350066.02,48,770
8350067.01,48,850
8350067.02,48,1320
8350068.01,48,760
8350068.02,48,1395
8350069,48,1460
8350070,48,2155
8350071,48,1685
8350072,48,1715
8350073,48,2280
8350075.01,48,1010
8350075.02,48,3110
8350075.03,48,1190
8350075.04,48,1040
8350075.05,48,1845
8350075.07,48,2690
8350075.08,48,2920
8350075.09,48,1815
8350075.1,48,3665
8350075.11,48,3695
8350075.12,48,3235
8350076.02,48,2860
8350077.01,48,1375
8350077.02,48,2445
8350078.01,48,1500
8350078.02,48,2170
8350078.03,48,1405
8350078.05,48,1825
8350078.06,48,2615
8350078.07,48,2885
8350078.08,48,2195
8350078.09,48,2565
8350078.12,48,4155
8350078.14,48,3685
8350078.15,48,1205
8350078.16,48,2230
8350078.17,48,3615
8350079.02,48,8955
8350079.03,48,1715
8350079.04,48,4355
8350090.01,48,2855
8350090.02,48,1620
8350090.03,48,1085
8350090.04,48,2895
8350090.05,48,2220
8350090.06,48,2630
8350090.08,48,1950
8350090.09,48,3040
8350090.11,48,1750
8350090.12,48,2520
8350090.13,48,2170
8350090.15,48,3480
8350090.16,48,1715
8350090.17,48,1755
8350090.18,48,1745
8350090.19,48,1955
8350090.2,48,2190
8350090.21,48,4225
8350090.22,48,2375
8350100,48,2150
8350101.01,48,2930
8350101.02,48,3280
8350102,48,2710
8350103,48,4010
8350104.02,48,3580
8350104.1,48,1075
8350104.12,48,4695
8350104.13,48,2945
8350104.15,48,1835
8350104.16,48,2785
8350104.17,48,1790
8350104.18,48,3745
8350104.19,48,3100
8350104.2,48,3010
8350104.21,48,5800
8350104.22,48,4460
8350104.23,48,11085
8350104.24,48,11005
8350104.25,48,3685
8350104.26,48,10330
8350104.27,48,2685
8350105.03,48,2410
8350105.04,48,2435
8350105.05,48,2625
8350105.06,48,2920
8350106.01,48,4530
8350106.02,48,2515
8350110.01,48,2430
8350110.02,48,2405
8350111,48,1005
8350120.01,48,4270
8350120.02,48,2470
8350120.03,48,1130
8350120.05,48,3930
8350120.06,48,6070
8350121.02,48,2570
8350121.03,48,1340
8350121.04,48,3610
8350121.06,48,3675
8350121.07,48,4185
8350121.08,48,3605
8350121.09,48,5305
8350140.03,48,5800
8350140.04,48,2815
8350140.05,48,4680
8350140.06,48,5345
8350141,48,3715
8350142.01,48,3770
8350142.03,48,4845
8350142.04,48,3145
8350150,48,4955
8350151.01,48,4225
8350151.02,48,2970
8350152,48,4205
8350153,48,6015
8350154,48,3605
8350155,48,3090
8350156,48,3480
8350160.01,48,3365
8350160.02,48,1725
8350161.01,48,2525
8350161.02,48,4165
8350162.01,48,1395
8350162.02,48,6305
8350163.03,48,1390
8350163.05,48,2975
8350163.06,48,3485
8350164.01,48,315
8350164.02,48,5815
8350165.01,48,1560
8350165.02,48,3675
8350200,48,645
9150000,59,88740
9150001,59,4490
9150002,59,3050
9150003.01,59,2470
9150003.02,59,1550
9150004,59,2925
9150005,59,2090
9150006,59,2745
9150007,59,3650
9150008,59,1925
9150009.01,59,1405
9150009.02,59,2070
9150009.03,59,1255
9150010.01,59,1465
9150010.02,59,1565
9150010.03,59,1360
9150011,59,1880
9150012,59,1070
9150013,59,500
9150014,59,1680
9150015,59,2730
9150016,59,1820
9150017,59,2895
9150018,59,1690
9150019.01,59,3515
9150019.02,59,2420
9150019.03,59,2615
9150019.04,59,2155
9150100,59,3770
9150101,59,2545
9150102.01,59,735
9150102.04,59,2160
9150102.05,59,3760
9150102.06,59,1590
9150103,59,2190
9150104,59,4390
9150105.01,59,4015
9150105.02,59,2290
9150105.03,59,2310
9250000,59,48570
9250001,59,520
9250002,59,1250
9250003,59,1340
9250004,59,3830
9250005.01,59,2900
9250005.02,59,1970
9250006.01,59,3100
9250006.02,59,2255
9250007,59,855
9250008,59,1600
9250009,59,1530
9250010,59,2445
9250011,59,575
9250012,59,1960
9250013,59,1600
9250014,59,1120
9250015,59,2015
9250016,59,1825
9250017,59,2065
9250018,59,2800
9250019,59,2025
9250020,59,1875
9250021,59,2330
9250022,59,235
9250100,59,2160
9250101,59,725
9250110,59,685
9250200,59,980
9300000,59,41725
9300001,59,1905
9300002,59,1605
9300003,59,570
9300004,59,745
9300005,59,755
9300006,59,1005
9300007,59,1970
9300008,59,2095
9300009,59,55
9300010,59,910
9300011,59,1460
9300012,59,115
9300013,59,765
9300014,59,1515
9300015,59,1645
9300016,59,5285
9300017.01,59,2210
9300017.02,59,2990
9300018,59,2535
9300019,59,1795
9300020,59,1830
9300021,59,540
9300022,59,520
9300023,59,1790
9300024,59,565
9300025,59,1565
9300026,59,55
9300028,59,2230
9300030,59,175
9300031,59,535
9320000,59,82430
9320001,59,1370
9320002,59,570
9320003,59,3165
9320004,59,3030
9320005.01,59,1460
9320005.02,59,2385
9320006,59,1870
9320007.01,59,1495
9320007.02,59,2030
9320008.01,59,3775
9320008.03,59,2100
9320008.04,59,2925
9320009.01,59,3285
9320009.02,59,2840
9320010,59,35
9320011,59,3640
9320012.01,59,3030
9320012.02,59,2455
9320013,59,1580
9320014,59,4410
9320100,59,1805
9320101,59,1325
9320103,59,720
9320104,59,2545
9320105,59,2285
9320106.03,59,55
9320106.04,59,2190
9320106.05,59,1820
9320106.06,59,2035
9320200,59,1955
9320201.01,59,2115
9320201.02,59,2360
9320202,59,3135
9320203,59,1245
9320204,59,1470
9320205,59,3085
9320206,59,1650
9320207,59,835
9330000,59,1182390
9330001.01,59,3040
9330001.02,59,2135
9330002.01,59,3060
9330002.03,59,1760
9330002.04,59,2090
9330003.01,59,1745
9330003.02,59,2145
9330004.01,59,2050
9330004.02,59,2840
9330005,59,4295
9330006.01,59,2235
9330006.02,59,2520
9330007.01,59,2440
9330007.02,59,1550
9330008.01,59,710
9330008.02,59,2090
9330009,59,3435
9330010.01,59,2070
9330010.02,59,1800
9330011,59,3110
9330012,59,3905
9330013.01,59,2995
9330013.03,59,2350
9330013.04,59,1660
9330014.01,59,1615
9330014.02,59,2730
9330015.01,59,2410
9330015.02,59,2660
9330016.01,59,2415
9330016.04,59,3670
9330016.05,59,2515
9330016.06,59,2690
9330017.01,59,3100
9330017.02,59,3125
9330018.01,59,3295
9330018.02,59,3630
9330019,59,2455
9330020,59,1005
9330021,59,2005
9330022,59,1240
9330023,59,1930
9330024,59,2745
9330025,59,3595
9330026,59,2160
9330027.01,59,1585
9330027.02,59,1485
9330028,59,1625
9330029,59,3585
9330030,59,3455
9330031.01,59,3485
9330031.02,59,2715
9330032,59,4690
9330033.01,59,2520
9330033.02,59,1475
9330034.01,59,2330
9330034.02,59,3650
9330035.01,59,2110
9330035.02,59,3440
9330036.01,59,2810
9330036.02,59,3035
9330037.01,59,3105
9330037.02,59,2080
9330038,59,3605
9330039.01,59,4110
9330039.02,59,3245
9330040.01,59,2875
9330040.02,59,3060
9330041.01,59,2875
9330041.02,59,4145
9330042,59,3465
9330043.01,59,1940
9330043.02,59,2255
9330044,59,2220
9330045.01,59,3070
9330045.02,59,3400
9330046,59,3435
9330047.01,59,2285
9330047.02,59,2840
9330048,59,5285
9330049.01,59,5780
9330049.02,59,3075
9330050.02,59,3270
9330050.03,59,3365
9330050.04,59,1970
9330051.01,59,1815
9330051.02,59,2240
9330052.01,59,2750
9330052.02,59,3150
9330053.01,59,3370
9330053.02,59,1645
9330054.01,59,2355
9330054.02,59,2185
9330055.01,59,2915
9330055.02,59,2495
9330056.01,59,2060
9330056.02,59,2715
9330057.01,59,775
9330057.02,59,2060
9330058,59,550
9330059.06,59,2620
9330059.07,59,3065
9330059.08,59,3925
9330059.09,59,3315
9330059.1,59,3305
9330059.11,59,4065
9330059.12,59,8425
9330060.01,59,2245
9330060.02,59,3775
9330061,59,3380
9330062,59,2000
9330063,59,2285
9330064,59,3105
9330065,59,4065
9330066,59,4710
9330067.01,59,2230
9330067.02,59,2460
9330068,59,3325
9330069,59,4740
9330100.01,59,2140
9330100.02,59,4295
9330101.03,59,3390
9330101.04,59,1960
9330101.05,59,2770
9330101.06,59,2355
9330102,59,2950
9330103,59,3865
9330104,59,4120
9330110.02,59,1730
9330110.03,59,1775
9330110.04,59,2450
9330111.01,59,3290
9330111.02,59,3665
9330111.03,59,2385
9330112,59,1345
9330113,59,3870
9330114.01,59,1560
9330114.02,59,2820
9330115,59,2860
9330116,59,2890
9330117,59,2860
9330118,59,4030
9330119,59,1080
9330120,59,1665
9330121,59,2215
9330122,59,2220
9330130.01,59,1445
9330130.03,59,1605
9330130.04,59,1110
9330131,59,2915
9330132,59,1715
9330133.01,59,1810
9330133.02,59,2995
9330134,59,3135
9330135,59,2320
9330140.02,59,4015
9330140.03,59,2360
9330140.04,59,2830
9330141.01,59,4230
9330141.02,59,390
9330142.01,59,3230
9330142.02,59,2475
9330142.03,59,2925
9330143.01,59,2700
9330143.02,59,1915
9330143.03,59,2020
9330143.04,59,2590
9330144.03,59,1450
9330144.04,59,2520
9330144.05,59,1195
9330144.06,59,2550
9330145.01,59,2140
9330145.02,59,1475
9330146,59,3460
9330147.01,59,4715
9330147.04,59,2925
9330147.05,59,2280
9330147.07,59,2595
9330147.08,59,3425
9330147.09,59,1960
9330147.1,59,2095
9330148,59,3665
9330149.02,59,2475
9330149.05,59,905
9330149.06,59,2240
9330149.07,59,1225
9330149.08,59,2360
9330149.09,59,1430
9330150,59,435
9330151.03,59,1510
9330151.05,59,1815
9330151.06,59,2830
9330151.07,59,1535
9330151.08,59,3960
9330160.01,59,2545
9330160.02,59,3350
9330160.03,59,2815
9330160.04,59,2015
9330161.01,59,1465
9330161.02,59,3030
9330161.03,59,3555
9330161.05,59,3075
9330161.06,59,2050
9330162.01,59,2930
9330162.02,59,3290
9330162.03,59,3600
9330162.04,59,2955
9330163.01,59,2740
9330163.04,59,2785
9330163.05,59,2635
9330163.06,59,2005
9330163.07,59,2270
9330163.08,59,1810
9330170.03,59,1565
9330170.04,59,2635
9330170.05,59,1180
9330170.07,59,1970
9330170.08,59,1995
9330180.01,59,3310
9330180.02,59,6220
9330181.03,59,2550
9330181.05,59,3290
9330181.06,59,2160
9330181.07,59,1855
9330181.08,59,1310
9330181.09,59,2855
9330181.1,59,2140
9330181.11,59,980
9330181.12,59,1250
9330181.13,59,1250
9330181.14,59,1745
9330182.01,59,2090
9330182.02,59,3075
9330182.03,59,2015
9330182.04,59,945
9330182.05,59,3205
9330182.06,59,640
9330183.01,59,3240
9330183.03,59,3265
9330183.04,59,8525
9330183.05,59,5100
9330183.06,59,1255
9330183.07,59,3475
9330184.02,59,3540
9330184.06,59,4510
9330184.07,59,2220
9330184.08,59,2335
9330184.09,59,2465
9330184.1,59,2580
9330184.11,59,4445
9330184.12,59,1805
9330184.13,59,1880
9330184.14,59,3455
9330184.15,59,1530
9330184.16,59,2740
9330185.05,59,2495
9330185.07,59,3645
9330185.08,59,740
9330185.09,59,2430
9330185.1,59,2465
9330185.11,59,3500
9330185.12,59,3175
9330185.15,59,3060
9330185.16,59,2275
9330185.17,59,1785
9330185.18,59,2480
9330185.19,59,2635
9330185.2,59,2050
9330185.21,59,1535
9330185.22,59,1705
9330186.01,59,3760
9330186.02,59,2355
9330186.05,59,3140
9330186.06,59,1825
9330186.07,59,2635
9330186.08,59,3050
9330187.03,59,3555
9330187.04,59,575
9330187.05,59,3230
9330187.06,59,3335
9330187.07,59,1140
9330187.11,59,2595
9330187.12,59,2025
9330187.13,59,1770
9330187.14,59,1620
9330187.15,59,1785
9330187.16,59,1520
9330188.01,59,1605
9330188.02,59,1245
9330188.04,59,1990
9330188.05,59,1275
9330188.06,59,575
9330188.07,59,2170
9330188.08,59,1940
9330189.03,59,1690
9330189.05,59,3575
9330189.06,59,1465
9330189.07,59,1405
9330189.08,59,3035
9330189.09,59,2005
9330189.1,59,3375
9330190.01,59,3255
9330190.03,59,2900
9330190.04,59,3130
9330190.05,59,895
9330191.03,59,2300
9330191.04,59,2755
9330191.05,59,1695
9330191.06,59,1175
9330191.07,59,1855
9330192,59,1780
9330200,59,3930
9330201,59,955
9330202,59,5070
9330203,59,2440
9330204.01,59,2365
9330204.02,59,2940
9330205.01,59,2430
9330205.02,59,2250
9330206,59,1660
9330207,59,1320
9330208,59,3120
9330209,59,4605
9330210,59,3160
9330220,59,520
9330221.01,59,825
9330221.03,59,1785
9330221.04,59,2330
9330222.01,59,3800
9330222.02,59,3115
9330223.01,59,3405
9330223.02,59,2245
9330224.01,59,3110
9330224.02,59,1965
9330225.01,59,2755
9330225.02,59,2780
9330226.02,59,2100
9330226.03,59,2765
9330226.04,59,1225
9330227.01,59,2085
9330227.02,59,2550
9330228.02,59,1700
9330228.03,59,2195
9330228.04,59,2505
9330229,59,3500
9330230.01,59,2750
9330230.02,59,2420
9330231,59,2015
9330232,59,1770
9330233,59,3740
9330234,59,3340
9330235.02,59,2685
9330235.03,59,1905
9330235.04,59,3500
9330236,59,1885
9330237,59,3725
9330238.01,59,1870
9330238.02,59,3430
9330239,59,5480
9330240.01,59,4215
9330240.02,59,2715
9330241,59,4100
9330242,59,3550
9330243.01,59,3040
9330243.02,59,3965
9330250.02,59,2295
9330251,59,60
9330260.04,59,2090
9330260.05,59,2145
9330260.06,59,2055
9330260.07,59,2690
9330260.08,59,3660
9330260.09,59,2725
9330260.1,59,2415
9330280,59,1810
9330281.01,59,3435
9330281.02,59,3620
9330282.01,59,2155
9330282.02,59,2245
9330283,59,4030
9330284.01,59,3375
9330284.02,59,3440
9330285.01,59,1690
9330285.02,59,2835
9330286.01,59,2800
9330286.02,59,4160
9330286.03,59,2250
9330287.01,59,3855
9330287.02,59,3225
9330287.06,59,1915
9330287.09,59,1725
9330287.1,59,1445
9330287.11,59,2830
9330287.12,59,1820
9330287.13,59,4060
9330287.14,59,2255
9330287.15,59,1965
9330287.16,59,1765
9330290.02,59,4290
9330290.03,59,3195
9330290.04,59,4040
9330290.05,59,1905
9330291.01,59,3855
9330291.02,59,4465
9330292.01,59,3030
9330292.03,59,3245
9330292.04,59,2355
9330400.02,59,2315
9330400.04,59,3160
9330400.05,59,3475
9330400.06,59,2180
9330401.01,59,1245
9330401.02,59,3565
9330402.02,59,2675
9330402.03,59,2265
9330402.04,59,2085
9330403.01,59,2555
9330403.03,59,3005
9330403.04,59,2605
9330403.05,59,2385
9330404.01,59,3345
9330404.02,59,2640
9330410.02,59,3350
9330410.04,59,850
9330410.05,59,2970
9330410.06,59,2610
9330500,59,3185
9330501.01,59,1470
9330501.02,59,2960
9330501.03,59,1805
9330502.01,59,1310
9330502.02,59,1910
9330502.03,59,2730
9330502.05,59,1630
9330502.06,59,1625
9330502.07,59,2675
9330503.01,59,1495
9330503.03,59,3870
9330503.06,59,2315
9330503.07,59,1530
9330503.08,59,2150
9330503.09,59,1230
9330504.03,59,3600
9330504.05,59,3870
9330504.06,59,960
9330504.07,59,1580
9330504.08,59,2135
9330504.09,59,2390
9330504.1,59,2125
9330504.11,59,2460
9330504.12,59,2100
9330504.13,59,1785
9330505.01,59,1865
9330505.02,59,3065
9330506.01,59,2185
9330506.02,59,3610
9350000,59,178485
9350001,59,1575
9350002,59,1920
9350003.01,59,2890
9350003.02,59,2720
9350004,59,3290
9350005,59,2060
9350006,59,1360
9350007,59,3320
9350008,59,1950
9350009,59,2160
9350010,59,4320
9350011,59,3850
9350012,59,2850
9350013.01,59,2380
9350013.02,59,2130
9350014.01,59,2630
9350014.02,59,2150
9350100,59,1850
9350101,59,1335
9350102,59,2325
9350103,59,1090
9350104,59,1455
9350110,59,3340
9350111.01,59,2330
9350111.02,59,3155
9350120,59,1750
9350121.01,59,2565
9350121.02,59,1660
9350121.03,59,1575
9350121.04,59,2080
9350122,59,1790
9350123.01,59,1365
9350123.02,59,1475
9350124,59,2300
9350125.01,59,2810
9350125.02,59,2470
9350126,59,4255
9350127,59,2740
9350128,59,2345
9350129.01,59,3140
9350129.02,59,3500
9350130.01,59,1750
9350130.02,59,3765
9350131,59,2500
9350132.01,59,1680
9350132.03,59,2975
9350132.04,59,2105
9350133,59,3880
9350150.01,59,2565
9350150.02,59,3120
9350151.02,59,4280
9350151.03,59,4985
9350151.04,59,4250
9350152,59,3110
9350153,59,805
9350154.01,59,4625
9350154.02,59,3000
9350155.01,59,1230
9350155.02,59,2505
9350156.01,59,1340
9350156.03,59,4520
9350156.04,59,2220
9350160.02,59,2725
9350160.03,59,2210
9350160.04,59,2810
9350160.05,59,1405
9350170,59,2035
9350171,59,2435
9350180.01,59,2730
9350180.02,59,2655
9380000,59,45915
9380001.01,59,1860
9380001.02,59,835
9380002,59,3075
9380003,59,2605
9380004,59,1455
9380005,59,4035
9380006,59,3130
9380007,59,2105
9380008,59,2240
9380009,59,2550
9380010,59,1415
9380011,59,2405
9380012,59,1315
9380013,59,2180
9380014,59,2825
9380015,59,1930
9380016,59,3035
9380017,59,2920
9380019,59,3560
9380020,59,445
9700000,59,42325
9700001,59,95
9700002,59,2895
9700003,59,3950
9700004,59,1325
9700005,59,3455
9700006,59,990
9700007,59,705
9700008,59,1705
9700010,59,480
9700011,59,1210
9700012,59,55
9700013,59,710
9700014,59,2035
9700015,59,2135
9700016,59,3445
9700017,59,2220
9700018,59,50
9700019,59,1000
9700020,59,2975
9700021,59,1210
9700022,59,1385
9700023,59,1880
9700100,59,540
9700101,59,2115
9700102,59,1890
9700103,59,1765
